-- MySQL dump 10.13  Distrib 8.0.39, for Win64 (x86_64)
--
-- Host: localhost    Database: gamispace
-- ------------------------------------------------------
-- Server version	8.0.39

/*!40101 SET @OLD_CHARACTER_SET_CLIENT=@@CHARACTER_SET_CLIENT */;
/*!40101 SET @OLD_CHARACTER_SET_RESULTS=@@CHARACTER_SET_RESULTS */;
/*!40101 SET @OLD_COLLATION_CONNECTION=@@COLLATION_CONNECTION */;
/*!50503 SET NAMES utf8mb4 */;
/*!40103 SET @OLD_TIME_ZONE=@@TIME_ZONE */;
/*!40103 SET TIME_ZONE='+00:00' */;
/*!40014 SET @OLD_UNIQUE_CHECKS=@@UNIQUE_CHECKS, UNIQUE_CHECKS=0 */;
/*!40014 SET @OLD_FOREIGN_KEY_CHECKS=@@FOREIGN_KEY_CHECKS, FOREIGN_KEY_CHECKS=0 */;
/*!40101 SET @OLD_SQL_MODE=@@SQL_MODE, SQL_MODE='NO_AUTO_VALUE_ON_ZERO' */;
/*!40111 SET @OLD_SQL_NOTES=@@SQL_NOTES, SQL_NOTES=0 */;

--
-- Table structure for table `minijuegos`
--

DROP TABLE IF EXISTS `minijuegos`;
/*!40101 SET @saved_cs_client     = @@character_set_client */;
/*!50503 SET character_set_client = utf8mb4 */;
CREATE TABLE `minijuegos` (
  `IDMinijuego` int NOT NULL AUTO_INCREMENT,
  `IDMundo` int NOT NULL,
  `UrlImagen` varchar(100) CHARACTER SET utf8mb4 COLLATE utf8mb4_unicode_520_ci NOT NULL,
  `Nombre` varchar(1000) CHARACTER SET utf8mb4 COLLATE utf8mb4_unicode_520_ci NOT NULL,
  `PuntuacionMaxima` int NOT NULL,
  `Abierto` tinyint(1) NOT NULL,
  `Visible` tinyint(1) NOT NULL,
  `Posicion` int NOT NULL,
  `IDUsuario` int NOT NULL,
  `Nuevo` tinyint(1) NOT NULL,
  `Subido` tinyint(1) NOT NULL,
  PRIMARY KEY (`IDMinijuego`),
  KEY `IDMundo` (`IDMundo`)
) ENGINE=MyISAM AUTO_INCREMENT=144 DEFAULT CHARSET=utf8mb4 COLLATE=utf8mb4_unicode_520_ci;
/*!40101 SET character_set_client = @saved_cs_client */;

--
-- Dumping data for table `minijuegos`
--

LOCK TABLES `minijuegos` WRITE;
/*!40000 ALTER TABLE `minijuegos` DISABLE KEYS */;
INSERT INTO `minijuegos` VALUES (130,48,'fn5ut94826ycdt','Mars Miner',8333,0,0,6,1,0,1),(102,48,'dbkyxl48vtrnsj','Apilas',8000,1,1,1,80,0,1),(94,48,'s8jjov4868i4v9','Apuntados',8000,1,1,0,80,0,1),(109,48,'x5uhseCaída de Datosuye6e1','Caida de Datos',8000,1,1,2,81,0,1),(110,48,'cbokopFiesta Recursivao75tq0','Fiesta Recursiva',8000,1,1,3,81,0,1),(127,48,'ok88z6Cafeteriabjilnm','Cafeteria',8000,1,1,4,375,0,1),(129,50,'57940uEstructurasf8lu38','Estructura2',8000,1,1,5,374,0,1),(134,48,'a1b2c3ExploradorEspacialx9y0z','Explorador Espacial',9000,0,0,7,82,0,1),(135,48,'p0q9r8MisiónBinariaw8t7u','Misión Binaria',7000,0,0,8,83,0,1),(136,48,'v4w3x2LaberintoDigitalk5j6h','Laberinto Digital',8500,0,0,9,80,0,1),(137,48,'n7m6l5HackeandoElMainframed3c2b','Hackeando el Mainframe',9500,0,0,10,375,0,1),(138,48,'z1y2x3CarreraDeAlgoritmosq7w8e','Carrera de Algoritmos',8800,0,0,11,82,0,1),(139,50,'l9k8j7DepuraComoPuedasl2m3n','Depura Como Puedas',82,1,1,12,374,0,1),(140,50,'g5f4e3BytesSaltandoh6y7z','Bytes Saltando',7600,1,1,13,81,0,1);
/*!40000 ALTER TABLE `minijuegos` ENABLE KEYS */;
UNLOCK TABLES;

--
-- Table structure for table `mundos`
--

DROP TABLE IF EXISTS `mundos`;
/*!40101 SET @saved_cs_client     = @@character_set_client */;
/*!50503 SET character_set_client = utf8mb4 */;
CREATE TABLE `mundos` (
  `IDMundo` int NOT NULL AUTO_INCREMENT,
  `Nombre` varchar(20) CHARACTER SET utf8mb4 COLLATE utf8mb4_unicode_520_ci NOT NULL,
  `UrlImgMundo` varchar(100) CHARACTER SET utf8mb4 COLLATE utf8mb4_unicode_520_ci NOT NULL,
  `UrlImgDentro` varchar(100) CHARACTER SET utf8mb4 COLLATE utf8mb4_unicode_520_ci NOT NULL,
  `Posicion` int NOT NULL,
  `Abierto` tinyint(1) NOT NULL,
  `Visible` tinyint(1) NOT NULL,
  PRIMARY KEY (`IDMundo`)
) ENGINE=MyISAM AUTO_INCREMENT=58 DEFAULT CHARSET=utf8mb4 COLLATE=utf8mb4_unicode_520_ci;
/*!40101 SET character_set_client = @saved_cs_client */;

--
-- Dumping data for table `mundos`
--

LOCK TABLES `mundos` WRITE;
/*!40000 ALTER TABLE `mundos` DISABLE KEYS */;
INSERT INTO `mundos` VALUES (48,'Prueba 1','1u9116483zzh7z','0y4x2248tqdp8x',0,1,1),(50,'hola','sdasd','asdasd',0,0,1),(51,'Mundo 3333','fdsf','fdsf',0,1,1),(53,'Mundo 5','','',0,1,1),(55,'Mundo 3','','',0,1,1),(56,'Mundo 4','','',0,1,1);
/*!40000 ALTER TABLE `mundos` ENABLE KEYS */;
UNLOCK TABLES;

--
-- Table structure for table `theme`
--

DROP TABLE IF EXISTS `theme`;
/*!40101 SET @saved_cs_client     = @@character_set_client */;
/*!50503 SET character_set_client = utf8mb4 */;
CREATE TABLE `theme` (
  `id` bigint unsigned NOT NULL AUTO_INCREMENT,
  `primary_color` varchar(100) DEFAULT NULL,
  `secondary_color` varchar(100) DEFAULT NULL,
  `text_color` varchar(100) DEFAULT NULL,
  `points_icon` varchar(255) DEFAULT NULL,
  `completed_subjects_icon` varchar(255) DEFAULT NULL,
  `created_at` timestamp NULL DEFAULT CURRENT_TIMESTAMP,
  PRIMARY KEY (`id`),
  UNIQUE KEY `id` (`id`)
) ENGINE=InnoDB AUTO_INCREMENT=182 DEFAULT CHARSET=utf8mb4 COLLATE=utf8mb4_0900_ai_ci;
/*!40101 SET character_set_client = @saved_cs_client */;

--
-- Dumping data for table `theme`
--

LOCK TABLES `theme` WRITE;
/*!40000 ALTER TABLE `theme` DISABLE KEYS */;
INSERT INTO `theme` VALUES (1,'#2a2d3d','#4f5be5','#d2d7e1','','','2025-04-09 09:53:44'),(2,'#070c2a','#151d72','#d2d7e1','','','2025-04-09 10:41:33'),(3,'#070c2a','#721532','#5d80c7','','','2025-04-09 10:41:40'),(4,'#000000','#000000','#c4b717','','','2025-04-09 11:00:20'),(5,'#8c8622','#171e70','#bdc7db','','','2025-04-09 11:00:45'),(6,'#000f64','#511254','#e9ebef','','','2025-04-09 11:53:59'),(7,'#000000','#000000','#1cff00','','','2025-04-09 11:54:18'),(8,'#2a2d3d','#232b84','#d2d7e1','','','2025-04-09 11:57:37'),(9,'#1e2d83','#232b84','#d2d7e1','','','2025-04-09 11:57:41'),(10,'#263797','#232b84','#d2d7e1','','','2025-04-09 11:57:44'),(11,'#263797','#232b84','#d2e0d1','','','2025-04-09 11:57:47'),(12,'#263797','#232b84','#d2e0d1','','','2025-04-09 11:57:47'),(13,'#263797','#232b84','#d2e0d1','','','2025-04-09 11:57:48'),(14,'#263797','#232b84','#73b16e','','','2025-04-09 11:57:50'),(15,'#263797','#232b84','#9fe199','','','2025-04-09 11:57:53'),(16,'#a6b3ff','#ffffff','#000000','','','2025-04-09 11:58:06'),(17,'#3f4c94','#6b75e0','#ccffc8','','','2025-04-09 11:58:27'),(18,'#3f4c94','#6b75e0','#f1e4e4','','','2025-04-09 11:58:39'),(19,'#3f4c94','#6b75e0','#baf4a8','','','2025-04-09 11:58:45'),(20,'#616fbc','#4d5395','#d2d7e1','','','2025-04-09 12:02:58'),(21,'#8228b3','#c476e6','#d2d7e1','','','2025-04-09 12:03:33'),(22,'#468045','#8c297e','#d2d7e1','','','2025-04-09 12:03:48'),(23,'#0f1951','#7a890e','#d2d7e1','','','2025-04-09 12:05:42'),(24,'#0d1a5f','#7a890e','#d2d7e1','','','2025-04-09 12:05:46'),(25,'#5c1853','#0e1346','#d2d7e1','','','2025-04-09 12:08:25'),(26,'#5c1853','#0e1346','#ffffff','','','2025-04-09 12:08:37'),(27,'#293a2b','#0c0f32','#ffffff','','','2025-04-09 12:08:48'),(28,'#57090a','#210810','#ffffff','','','2025-04-09 12:09:07'),(29,'#57090a','#c92d5e','#ffffff','','','2025-04-09 12:09:22'),(30,'#2a2d3d','#4f5be5','#d2d7e1','','','2025-04-09 12:51:48'),(31,'#343f7c','#0c0d17','#454a56','','','2025-04-09 15:00:22'),(32,'#3d2a33','#e64e83','#e0d1d6','','','2025-04-09 15:00:37'),(33,'#2d3d2a','#e6b84e','#d1e0d1','','','2025-04-09 15:00:48'),(34,'#2a333d','#4ebfe6','#d1e0e0','','','2025-04-09 15:00:55'),(35,'#3d2a30','#e64e87','#e0d1d3','','','2025-04-09 15:01:00'),(36,'#3d382a','#cae64e','#e0dfd1','','','2025-04-09 15:01:04'),(37,'#3d382a','#cae64e','#ffffff','','','2025-04-09 15:01:12'),(38,'#4f5dad','#131419','#1c222f','','','2025-04-11 08:14:25'),(39,'#060c2d','#585a79','#13306a','','','2025-04-11 08:14:44'),(40,'#6b2f31','#cdcdbb','#30539a','','','2025-04-11 08:15:11'),(41,'#6b2f31','#cdcdbb','#ffffff','','','2025-04-11 08:15:15'),(42,'#6b2f31','#545454','#ffffff','','','2025-04-11 08:15:20'),(43,'#ff0009','#545454','#ffffff','','','2025-04-11 08:15:26'),(44,'#470a60','#170760','#d2d7e1','','','2025-04-11 09:01:38'),(45,'#1d286a','#4f2fa5','#d2d7e1','','','2025-04-11 09:02:00'),(46,'#3b8334','#8d3386','#d2d7e1','','','2025-04-11 09:02:15'),(47,'#3b8734','#763b71','#d2d7e1','','','2025-04-11 09:02:23'),(48,'#3e4b95','#202347','#d2d7e1','','','2025-04-11 10:14:16'),(49,'#553ed5','#200a39','#d2d7e1','','','2025-04-11 10:14:52'),(50,'#468d81','#181e57','#f6f9ff','','','2025-04-11 10:15:39'),(51,'#000000','#4f5be5','#d2d7e1','','','2025-04-11 10:34:58'),(52,'#000000','#7c4ee6','#d2d7e1','','','2025-04-11 10:35:22'),(53,'#000000','#4e57e6','#d2d7e1','','','2025-04-11 10:35:27'),(54,'#000000','#1b7e1a','#d2d7e1','','','2025-04-11 10:35:32'),(55,'#000000','#0f5b0e','#d2d7e1','','','2025-04-11 10:35:34'),(56,'#000000','#0e255b','#d2d7e1','','','2025-04-11 10:35:37'),(57,'#000000','#310e5b','#d2d7e1','','','2025-04-11 10:35:40'),(58,'#000000','#5b0e42','#d2d7e1','','','2025-04-11 10:35:43'),(59,'#000000','#5b0e0e','#d2d7e1','','','2025-04-11 10:35:45'),(60,'#000000','#5b490e','#d2d7e1','','','2025-04-11 10:35:48'),(61,'#0026ff','#0c0b15','#d2d7e1','','','2025-04-11 10:36:04'),(62,'#0026ff','#1b153e','#d2d7e1','','','2025-04-11 10:36:08'),(63,'#001484','#1b153e','#d2d7e1','','','2025-04-11 10:36:11'),(64,'#000000','#1f0838','#ced6e6','','','2025-04-11 10:36:34'),(65,'#000000','#ae4ee6','#d2d7e1','','','2025-04-11 10:43:44'),(66,'#000000','#774ee6','#d2d7e1','','','2025-04-11 10:43:48'),(67,'#000000','#3a217f','#d2d7e1','','','2025-04-11 10:43:50'),(68,'#2a2d3d','#4f5be5','#d2d7e1','','','2025-04-11 10:44:28'),(69,'#2a2d3d','#707496','#d2d7e1','','','2025-04-11 11:34:26'),(70,'#2a2d3d','#7e81a6','#d2d7e1','','','2025-04-11 11:34:36'),(71,'#2b2e3e','#666a93','#fa2b2b','','','2025-04-11 11:35:11'),(72,'#000000','#121ea6','#ffffff','','','2025-04-11 11:35:24'),(73,'#240b4f','#36857d','#d2d7e1','','','2025-04-15 11:11:11'),(74,'#421865','#2aa774','#d2d7e1','','','2025-04-15 11:22:32'),(75,'#421865','#1b6c4b','#d2d7e1','','','2025-04-15 11:22:36'),(76,'#542879','#2b8460','#d2d7e1','','','2025-04-15 11:22:44'),(77,'#3b175a','#2b8460','#d2d7e1','','','2025-04-15 11:22:51'),(78,'#3b175a','#2b8384','#d2d7e1','','','2025-04-15 11:22:55'),(79,'#3b175a','#2b8384','#fffad4','','','2025-04-15 11:23:06'),(80,'#3b175a','#2b8384','#f2f2f2','','','2025-04-15 11:23:09'),(81,'#000000','#000000','#ffffff','','','2025-04-15 11:23:20'),(82,'#2a2d3d','#4f5be5','#ffe800','','','2025-04-15 11:23:54'),(83,'#000000','#000000','#ffe800','','','2025-04-15 11:23:57'),(84,'#a31111','#160d3e','#e7e6da','','','2025-04-15 11:24:30'),(85,'#090f30','#357e51','#d2d7e1','','','2025-04-15 11:25:34'),(86,'#100930','#357e51','#d2d7e1','','','2025-04-15 11:25:44'),(87,'#100930','#357e51','#d2d7e1','','','2025-04-15 11:25:45'),(88,'#160930','#357e51','#d2d7e1','','','2025-04-15 11:25:47'),(89,'#160930','#357e51','#d2d7e1','','','2025-04-15 11:25:48'),(90,'#62449e','#357e51','#d2d7e1','','','2025-04-15 11:25:52'),(91,'#180a34','#357e51','#d2d7e1','','','2025-04-15 11:25:55'),(92,'#a0db69','#96fbff','#0f1c38','','','2025-04-15 11:27:50'),(93,'#2a2d3d','#4f5be5','#d2d7e1','','','2025-04-15 11:28:32'),(94,'#161046','#257e64','#d2d7e1','','','2025-04-15 11:29:50'),(95,'#780b63','#141950','#3458a0','','','2025-04-15 11:58:14'),(96,'#2a154c','#1d7456','#d2d7e1','','','2025-04-15 11:58:30'),(97,'#1a5e81','#469559','#d2d7e1','','','2025-04-21 10:49:58'),(98,'#1a3c81','#469559','#d2d7e1','','','2025-04-21 10:50:02'),(99,'#273c9d','#258d54','#d2d7e1','','','2025-04-21 11:57:53'),(100,'#1f0b4b','#571061','#00ff01','','','2025-04-21 11:59:46'),(101,'#1f0b4b','#571061','#98ff98','','','2025-04-21 11:59:53'),(102,'#2a2d3d','#4f5be5','#d2d7e1','','','2025-04-21 12:03:30'),(103,'#2a2d3d','#4f5be5','#8d9ab4','','','2025-04-25 11:06:33'),(104,'#16368e','#2d915f','#d2d7e1','','','2025-04-25 11:37:40'),(105,'#0e24a4','#9b4ee6','#d2d7e1','','','2025-04-25 11:40:19'),(106,'#162ba7','#9b4ee6','#d2d7e1','','','2025-04-25 11:40:23'),(107,'#122ab3','#9b4ee6','#d2d7e1','','','2025-04-25 11:40:26'),(108,'#072ea8','#279461','#d2d7e1','','','2025-04-25 11:42:37'),(109,'#3c1340','#3d9647','#d2d7e1','','','2025-04-25 14:47:35'),(110,'#3c1340','#963d3d','#d2d7e1','','','2025-04-25 14:47:38'),(111,'#11116d','#95963d','#d2d7e1','','','2025-04-25 14:47:52'),(112,'#11116d','#6e963d','#d2d7e1','','','2025-04-25 14:47:55'),(113,'#11116d','#6e963d','#e0d1d1','','','2025-04-25 14:47:58'),(114,'#11116d','#6e963d','#ff0000','','','2025-04-25 14:48:01'),(115,'#11116d','#6e963d','#ffffff','','','2025-04-25 14:48:05'),(116,'#b652a8','#aeae3c','#d2d7e1','','','2025-04-25 14:53:11'),(117,'#b539ae','#9fb500','#d2d7e1','','','2025-04-25 14:53:37'),(118,'#2a2d3d','#4f5be5','#d2d7e1','','','2025-04-29 20:05:56'),(119,'#4b268c','#b74ee6','#d2d7e1','','','2025-04-29 20:07:42'),(120,'#212156','#b74ee6','#d2d7e1','','','2025-04-29 20:07:54'),(121,'#212156','#6f1e92','#d2d7e1','','','2025-04-29 20:08:01'),(122,'#212156','#6f1e92','#ffffff','','','2025-04-29 20:08:05'),(123,'#112569','#345e2e','#d2d7e1','','','2025-04-29 20:18:59'),(124,'#112569','#5e7e24','#d2d7e1','','','2025-04-29 20:19:06'),(125,'#112569','#506d1d','#d2d7e1','','','2025-04-29 20:19:09'),(126,'#2a2d3d','#4f5be5','#d2d7e1','','','2025-04-29 20:23:55'),(127,'#1f7330','#aa3030','#ffffff','','','2025-04-29 20:24:44'),(128,'#ad1818','#aba711','#d2d7e1','','','2025-04-29 20:25:16'),(129,'#2a2d3d','#4f5be5','#d2d7e1','','','2025-04-29 20:26:24'),(130,'#2a3c3d','#854ee6','#d2d7e1','','','2025-04-29 20:26:41'),(131,'#6dbea9','#d8eddf','#3926c0','','','2025-04-29 20:27:17'),(132,'#89c7b7','#d8eddf','#3926c0','','','2025-04-29 20:27:25'),(133,'#9fdac7','#d8eddf','#3926c0','','','2025-04-29 20:27:37'),(134,'#ffffff','#a6a6a7','#000000','','','2025-04-29 20:28:34'),(135,'#2a2d3d','#4f5be5','#d2d7e1','','','2025-04-29 20:29:02'),(136,'#1d0e41','#177f6f','#d2d7e1','','','2025-05-05 10:51:53'),(137,'#0e2841','#28a18e','#d2d7e1','','','2025-05-05 10:52:01'),(138,'#250e41','#2890a1','#d2d7e1','','','2025-05-05 10:52:13'),(139,'#2a2d3d','#4f5be5','#d2d7e1','','','2025-05-05 11:30:54'),(140,'#091837','#3b7235','#d2d7e1','','','2025-05-05 11:31:23'),(141,'#ffafcc','#a2d2ff','#ffffff','','','2025-05-05 11:46:25'),(142,'#2a2d3d','#4f5be5','#d2d7e1','','','2025-05-05 11:46:47'),(143,'#a2d2ff','#cdb4db','#ffffff','','','2025-05-05 11:47:41'),(144,'#6d186b','#105e11','#d2d7e1','','','2025-05-05 11:48:16'),(145,'#00002c','#427b4d','#d2d7e1','','','2025-05-05 11:48:38'),(146,'#2a2d3d','#4f5be5','#d2d7e1','','','2025-05-05 11:53:21'),(147,'#000a43','#427d4b','#d2d7e1','','','2025-05-05 11:53:50'),(148,'#000000','#000000','#c1ff00','','','2025-05-05 15:42:43'),(149,'#0d0234','#197038','#d2d7e1','','','2025-05-05 15:43:37'),(150,'#2a2d3d','#4f5be5','#d2d7e1','','','2025-05-07 08:29:49'),(151,'#010932','#1f5f1a','#d2d7e1','','','2025-05-07 08:30:33'),(152,'#040d40','#226c35','#d2d7e1','','','2025-05-07 08:31:11'),(153,'#1d0b56','#830dc0','#d2d8e5','','','2025-05-09 12:37:47'),(154,'#1d0b56','#6c0b9d','#d2d8e5','','','2025-05-09 12:37:49'),(155,'#071097','#0e022f','#d2d8e5','','','2025-05-09 12:38:13'),(156,'#071097','#2f0440','#d2d8e5','','','2025-05-09 12:38:18'),(157,'#a463a7','#387d37','#d2d7e1','','','2025-05-09 12:38:58'),(158,'#020721','#0d644b','#d2d7e1','','','2025-05-09 12:39:28'),(159,'#000000','#0d644b','#d2d7e1','','','2025-05-09 12:39:31'),(160,'#000000','#6f0034','#ffffff','','','2025-05-09 12:40:00'),(161,'#a41b1b','#126206','#ffffff','','','2025-05-09 12:40:32'),(162,'#2a2d3d','#4f5be5','#d2d7e1','','','2025-05-09 12:40:43'),(163,'#040324','#1b5940','#d2d7e1','','','2025-05-09 12:41:08'),(164,'#2d246c','#050942','#f0f5ff','','','2025-05-15 09:30:39'),(165,'#2a2d3d','#4f5be5','#d2d7e1','','','2025-05-15 09:30:55'),(166,'#01003d','#205349','#e0e5f0','','','2025-05-15 09:31:30'),(167,'#2a2d3d','#4f5be5','#d2d7e1','','','2025-05-15 10:48:34'),(168,'#010626','#1f5137','#d2d7e1','','','2025-05-15 10:49:08'),(169,'#050924','#1c8155','#d2d7e1','','','2025-05-20 19:13:44'),(170,'#050924','#186445','#d2d7e1','','','2025-05-20 19:13:55'),(171,'#00000e','#237559','#d2d7e1','','','2025-05-21 15:54:30'),(172,'#2a2d3d','#4f5be5','#d2d7e1','','','2025-05-21 16:22:23'),(173,'#000000','#2734c3','#d2d7e1','','','2025-05-21 16:22:39'),(174,'#260248','#10534c','#d2d7e1','','','2025-05-21 21:07:17'),(175,'#260248','#09423c','#d2d7e1','','','2025-05-21 21:07:22'),(176,'#000000','#481467','#d2d7e1','','','2025-05-21 21:09:34'),(177,'#d4d8eb','#7a7da4','#000000','','','2025-05-21 21:10:08'),(178,'#050c32','#3d71b9','#d1d3e0','','','2025-05-21 21:10:53'),(179,'#04083b','#1d6146','#e6ecf6','','','2025-06-06 18:57:27'),(180,'#00001c','#1b653d','#d2d7e1','','','2025-06-12 14:51:10'),(181,'#00001c','#1b653d','#e5e9f0','','','2025-06-12 14:51:18');
/*!40000 ALTER TABLE `theme` ENABLE KEYS */;
UNLOCK TABLES;

--
-- Table structure for table `usuariominijuego`
--

DROP TABLE IF EXISTS `usuariominijuego`;
/*!40101 SET @saved_cs_client     = @@character_set_client */;
/*!50503 SET character_set_client = utf8mb4 */;
CREATE TABLE `usuariominijuego` (
  `IDUsuarioMinijuego` int NOT NULL AUTO_INCREMENT,
  `IDUsuario` int NOT NULL,
  `IDMinijuego` int NOT NULL,
  `Puntuacion` int NOT NULL,
  `Tiempo` int NOT NULL,
  `Completado` tinyint(1) NOT NULL,
  `FechaInicio` timestamp NOT NULL DEFAULT CURRENT_TIMESTAMP,
  `FechaFin` datetime DEFAULT NULL,
  PRIMARY KEY (`IDUsuarioMinijuego`),
  KEY `IDUsuario` (`IDUsuario`),
  KEY `IDMinijuego` (`IDMinijuego`) USING BTREE
) ENGINE=MyISAM AUTO_INCREMENT=3425 DEFAULT CHARSET=utf8mb4 COLLATE=utf8mb4_unicode_520_ci;
/*!40101 SET character_set_client = @saved_cs_client */;

--
-- Dumping data for table `usuariominijuego`
--

LOCK TABLES `usuariominijuego` WRITE;
/*!40000 ALTER TABLE `usuariominijuego` DISABLE KEYS */;
INSERT INTO `usuariominijuego` VALUES (3424,562,109,0,0,0,'2024-06-12 09:47:47',NULL),(3423,562,127,0,0,0,'2024-06-12 08:35:04',NULL),(3422,562,130,0,0,0,'2024-06-10 21:25:14',NULL),(3421,562,130,3550,9,0,'2024-06-10 07:52:44','2024-06-10 09:52:54'),(3420,562,130,3550,83,0,'2024-06-10 07:51:19','2024-06-10 09:52:42'),(3419,562,109,0,0,0,'2024-06-08 15:39:33',NULL),(3418,562,130,3550,21,0,'2024-06-07 08:51:15','2024-06-07 10:51:37'),(3417,562,102,0,0,0,'2024-06-06 09:31:06',NULL),(3416,562,94,0,0,0,'2024-06-06 09:30:03',NULL),(3415,562,130,3550,122,0,'2024-06-06 09:27:44','2024-06-06 11:29:47'),(3414,562,109,480,93,0,'2024-06-06 09:25:57','2024-06-06 11:27:31'),(3413,562,94,0,0,0,'2024-06-05 15:54:37',NULL),(3412,562,127,0,0,0,'2024-06-05 15:37:00',NULL),(3411,562,109,0,0,0,'2024-06-05 15:36:17',NULL),(3410,562,109,0,0,0,'2024-06-05 15:35:41',NULL),(3409,562,109,0,0,0,'2024-06-05 15:06:36',NULL),(3408,562,109,800,55,0,'2024-06-05 15:03:30','2024-06-05 17:04:26'),(3407,562,102,0,0,0,'2024-06-05 14:38:42',NULL),(3406,562,109,0,0,0,'2024-06-05 14:38:13',NULL),(3405,562,130,0,0,0,'2024-06-04 15:04:06',NULL),(3404,562,127,0,0,0,'2024-06-04 15:03:25',NULL),(3403,562,130,0,0,0,'2024-05-16 15:42:47',NULL),(3402,562,94,1000,28,1,'2024-05-16 15:41:44','2024-05-16 17:42:13'),(3401,562,109,0,0,0,'2024-05-15 09:22:34',NULL),(3400,563,130,0,0,0,'2024-05-14 14:28:26',NULL),(3399,562,109,0,0,0,'2024-05-14 07:38:02',NULL),(3398,562,130,0,0,0,'2024-05-11 13:11:24',NULL),(3397,562,127,0,0,0,'2024-05-05 19:33:35',NULL),(3396,562,130,0,0,0,'2024-05-05 18:20:50',NULL),(3395,562,130,0,0,0,'2024-05-05 18:07:40',NULL),(3394,562,130,0,0,0,'2024-05-05 14:47:42',NULL),(3393,562,130,3550,434,0,'2024-05-05 14:31:52','2024-05-05 16:39:08'),(3392,562,130,3550,37,0,'2024-05-05 14:31:10','2024-05-05 16:31:48'),(3391,562,127,0,0,0,'2024-05-04 14:22:45',NULL),(3390,562,130,0,0,0,'2024-05-04 13:50:21',NULL),(3389,563,130,900,8,0,'2024-05-04 13:49:44','2024-05-04 15:49:53'),(3388,562,130,0,0,0,'2024-05-01 18:55:03',NULL),(3387,562,109,0,0,0,'2024-04-29 18:11:34',NULL),(3386,562,109,0,0,0,'2024-04-29 17:44:40',NULL),(3385,562,129,0,0,0,'2024-04-29 09:11:40',NULL),(3384,562,127,0,0,0,'2024-04-29 09:07:36',NULL),(3383,1,130,2350,1339,0,'2024-04-29 08:39:02','2024-04-29 11:01:22'),(3382,1,127,0,101,0,'2024-04-29 08:37:15','2024-04-29 10:38:56'),(3381,562,129,1500,210,0,'2024-04-10 17:41:09','2024-04-10 19:44:40'),(3380,562,102,0,0,0,'2024-04-10 17:39:40',NULL),(3379,562,94,0,0,0,'2024-04-10 17:38:14',NULL),(3378,562,127,0,0,0,'2024-04-10 17:36:27',NULL),(3377,562,127,0,0,0,'2024-04-10 17:35:21',NULL),(3376,563,129,0,144,0,'2024-04-07 08:56:03','2024-04-07 10:58:28'),(3375,563,102,5200,230,1,'2024-04-07 08:52:03','2024-04-07 10:55:54'),(3374,563,110,3000,249,0,'2024-04-07 08:43:30','2024-04-07 10:47:40'),(3373,563,130,900,5,0,'2024-04-07 08:43:14','2024-04-07 10:43:20'),(3372,563,127,1714,412,0,'2024-04-07 08:36:19','2024-04-07 10:43:11'),(3371,563,130,900,22,0,'2024-04-07 08:35:48','2024-04-07 10:36:11'),(3370,563,94,7800,458,1,'2024-04-07 08:28:00','2024-04-07 10:35:39'),(3369,562,94,0,0,0,'2024-02-06 20:18:44',NULL),(3368,562,94,0,0,0,'2024-02-06 20:18:24',NULL),(3367,562,94,0,0,0,'2024-02-06 20:17:35',NULL),(3366,562,94,0,0,0,'2024-02-06 20:17:16',NULL),(3365,562,94,0,0,0,'2024-02-06 20:16:47',NULL),(3364,562,102,0,0,0,'2024-01-30 20:15:42',NULL),(3363,562,102,4100,347,1,'2024-01-30 20:09:31','2024-01-30 21:15:18'),(3362,562,129,1500,98,0,'2024-01-30 10:59:04','2024-01-30 12:00:43'),(3361,562,127,0,0,0,'2024-01-30 10:58:08',NULL),(3360,562,127,0,0,0,'2024-01-30 10:56:59',NULL),(3359,562,129,0,0,0,'2024-01-30 10:40:17',NULL),(3358,562,127,0,0,0,'2024-01-30 10:39:02',NULL),(3357,562,127,0,0,0,'2024-01-30 10:33:05',NULL),(3356,562,127,0,0,0,'2024-01-29 22:12:25',NULL),(3355,562,129,1500,2066,0,'2024-01-29 21:37:40','2024-01-29 23:12:07'),(3354,562,94,0,0,0,'2024-01-23 17:14:18',NULL),(3353,562,130,0,0,0,'2024-01-23 17:12:42',NULL),(3352,562,109,0,0,0,'2024-01-23 17:10:14',NULL),(3351,562,94,1500,21,1,'2024-01-19 13:08:20','2024-01-19 14:08:42'),(3350,562,102,1200,45,0,'2024-01-19 13:07:20','2024-01-19 14:08:05'),(3349,562,129,0,45,0,'2024-01-19 12:27:14','2024-01-19 13:28:00'),(3348,562,129,0,0,0,'2024-01-19 12:26:00',NULL),(3347,562,109,0,0,0,'2024-01-19 12:25:04',NULL),(3346,562,109,0,0,0,'2024-01-19 12:24:33',NULL),(3345,562,102,1200,725,0,'2024-01-19 11:51:27','2024-01-19 13:03:33'),(3344,562,129,0,0,0,'2024-01-19 11:46:31',NULL),(3343,562,94,0,0,0,'2024-01-19 11:45:37',NULL),(3342,562,94,850,49,1,'2024-01-19 11:43:33','2024-01-19 12:44:23'),(3341,562,127,0,0,0,'2024-01-19 11:42:33',NULL),(3340,562,130,0,0,0,'2024-01-19 11:41:26',NULL),(3339,562,109,0,0,0,'2024-01-19 11:38:17',NULL),(3338,562,109,0,0,0,'2024-01-19 11:36:44',NULL),(3337,562,109,0,0,0,'2024-01-19 09:36:58',NULL),(3336,562,109,0,0,0,'2024-01-19 09:00:10',NULL),(3335,562,109,0,0,0,'2024-01-19 08:59:49',NULL),(3334,562,109,0,0,0,'2024-01-19 08:58:00',NULL),(3333,605,127,0,0,0,'2024-01-11 18:24:34',NULL),(3332,605,127,960,125,0,'2024-01-11 18:21:03','2024-01-11 19:23:08'),(3331,605,127,506,218,0,'2024-01-11 18:15:53','2024-01-11 19:19:31'),(3330,615,94,7800,217,1,'2023-12-21 15:26:09','2023-12-21 16:29:47'),(3329,643,129,7000,49,1,'2023-12-20 10:29:26','2023-12-20 11:30:15'),(3328,643,130,8000,76,1,'2023-12-20 10:28:00','2023-12-20 11:29:16'),(3327,643,130,0,4,0,'2023-12-20 10:27:51','2023-12-20 11:27:55'),(3326,643,130,8000,5,1,'2023-12-20 10:27:40','2023-12-20 11:27:46'),(3325,597,130,0,0,0,'2023-12-20 10:21:44',NULL),(3324,643,94,0,0,0,'2023-12-20 10:20:50',NULL),(3323,643,94,4800,43,1,'2023-12-20 10:18:42','2023-12-20 11:19:25'),(3322,643,94,0,0,0,'2023-12-20 10:18:29',NULL),(3321,643,94,0,0,0,'2023-12-20 10:18:14',NULL),(3320,597,94,8000,334,1,'2023-12-20 10:15:53','2023-12-20 11:21:28'),(3319,597,94,0,0,0,'2023-12-20 10:15:34',NULL),(3318,597,127,4050,629,1,'2023-12-20 10:04:45','2023-12-20 11:15:15'),(3317,598,109,0,0,0,'2023-12-20 10:04:35',NULL),(3316,643,127,0,0,0,'2023-12-20 10:03:00',NULL),(3315,643,102,1000,19,0,'2023-12-20 10:01:20','2023-12-20 11:01:40'),(3314,643,102,0,0,0,'2023-12-20 10:01:12',NULL),(3313,643,109,0,0,0,'2023-12-20 10:00:47',NULL),(3312,643,94,0,0,0,'2023-12-20 10:00:33',NULL),(3311,643,94,0,0,0,'2023-12-20 10:00:18',NULL),(3310,643,129,7000,20,1,'2023-12-20 09:59:14','2023-12-20 10:59:34'),(3309,625,127,0,0,0,'2023-12-20 09:59:06',NULL),(3308,625,127,0,0,0,'2023-12-20 09:58:24',NULL),(3307,643,129,7000,48,1,'2023-12-20 09:58:16','2023-12-20 10:59:04'),(3306,643,129,7000,47,1,'2023-12-20 09:56:34','2023-12-20 10:57:21'),(3305,643,129,0,0,0,'2023-12-20 09:56:13',NULL),(3304,643,109,1200,26,1,'2023-12-20 09:55:33','2023-12-20 10:56:00'),(3303,643,109,0,0,0,'2023-12-20 09:54:58',NULL),(3302,625,127,0,0,0,'2023-12-20 09:54:41',NULL),(3301,625,127,0,0,0,'2023-12-20 09:54:18',NULL),(3300,643,109,2400,23,1,'2023-12-20 09:53:33','2023-12-20 10:53:56'),(3299,625,127,0,0,0,'2023-12-20 09:53:31',NULL),(3298,643,109,0,0,0,'2023-12-20 09:53:00',NULL),(3297,643,109,1520,37,1,'2023-12-20 09:52:14','2023-12-20 10:52:51'),(3296,625,109,2400,23,1,'2023-12-20 09:51:41','2023-12-20 10:52:04'),(3295,625,109,0,0,0,'2023-12-20 09:51:25',NULL),(3294,643,109,800,25,1,'2023-12-20 09:51:04','2023-12-20 10:51:30'),(3293,625,109,1960,24,1,'2023-12-20 09:50:53','2023-12-20 10:51:17'),(3292,625,94,3000,20,1,'2023-12-20 09:50:22','2023-12-20 10:50:43'),(3291,625,127,0,0,0,'2023-12-20 09:49:45',NULL),(3290,625,109,800,18,1,'2023-12-20 09:48:59','2023-12-20 10:49:18'),(3289,643,130,8000,4,1,'2023-12-20 09:48:58','2023-12-20 10:49:03'),(3288,625,130,8000,5,1,'2023-12-20 09:48:45','2023-12-20 10:48:51'),(3287,643,130,8000,5,1,'2023-12-20 09:47:44','2023-12-20 10:47:49'),(3286,625,94,1000,15,1,'2023-12-20 09:47:39','2023-12-20 10:47:55'),(3285,625,94,0,0,0,'2023-12-20 09:47:30',NULL),(3284,625,109,0,0,0,'2023-12-20 09:47:17',NULL),(3283,625,109,0,0,0,'2023-12-20 09:47:09',NULL),(3282,643,130,8000,6,1,'2023-12-20 09:46:48','2023-12-20 10:46:54'),(3281,643,130,0,0,0,'2023-12-20 09:46:10',NULL),(3280,625,129,0,0,0,'2023-12-20 09:46:04',NULL),(3279,625,130,8000,5,1,'2023-12-20 09:45:36','2023-12-20 10:45:42'),(3278,625,130,0,5,0,'2023-12-20 09:45:27','2023-12-20 10:45:32'),(3277,643,109,800,26,1,'2023-12-20 09:45:27','2023-12-20 10:45:54'),(3276,625,130,8000,6,1,'2023-12-20 09:45:13','2023-12-20 10:45:19'),(3275,625,130,8000,13,1,'2023-12-20 09:44:28','2023-12-20 10:44:41'),(3274,643,129,7000,118,1,'2023-12-20 09:42:36','2023-12-20 10:44:34'),(3273,625,130,8000,110,1,'2023-12-20 09:42:07','2023-12-20 10:43:58'),(3272,643,109,880,61,1,'2023-12-20 09:39:46','2023-12-20 10:40:48'),(3271,643,109,0,0,0,'2023-12-20 09:39:19',NULL),(3270,625,102,8000,77,1,'2023-12-20 09:39:16','2023-12-20 10:40:33'),(3269,625,102,0,0,0,'2023-12-20 09:39:04',NULL),(3268,643,109,800,26,1,'2023-12-20 09:38:26','2023-12-20 10:38:53'),(3267,625,102,900,28,0,'2023-12-20 09:38:25','2023-12-20 10:38:54'),(3266,643,109,0,0,0,'2023-12-20 09:38:04',NULL),(3265,643,109,880,62,1,'2023-12-20 09:36:54','2023-12-20 10:37:57'),(3264,643,109,880,63,1,'2023-12-20 09:35:35','2023-12-20 10:36:38'),(3263,625,102,1000,147,0,'2023-12-20 09:35:24','2023-12-20 10:37:52'),(3262,625,109,0,0,0,'2023-12-20 09:35:14',NULL),(3261,625,102,900,38,0,'2023-12-20 09:34:28','2023-12-20 10:35:07'),(3260,625,102,0,0,0,'2023-12-20 09:33:22',NULL),(3259,643,109,880,58,1,'2023-12-20 09:32:58','2023-12-20 10:33:57'),(3258,625,102,1000,15,0,'2023-12-20 09:32:29','2023-12-20 10:32:45'),(3257,643,109,520,26,1,'2023-12-20 09:32:24','2023-12-20 10:32:51'),(3256,625,102,900,26,0,'2023-12-20 09:31:58','2023-12-20 10:32:24'),(3255,643,109,520,27,1,'2023-12-20 09:31:47','2023-12-20 10:32:15'),(3254,625,102,1000,22,0,'2023-12-20 09:30:57','2023-12-20 10:31:20'),(3253,625,102,1000,23,0,'2023-12-20 09:30:01','2023-12-20 10:30:25'),(3252,625,102,7700,118,1,'2023-12-20 09:27:55','2023-12-20 10:29:53'),(3251,625,102,7700,89,1,'2023-12-20 09:26:21','2023-12-20 10:27:50'),(3250,625,102,1000,21,0,'2023-12-20 09:25:29','2023-12-20 10:25:50'),(3249,625,94,2500,30,1,'2023-12-20 09:24:28','2023-12-20 10:24:59'),(3248,625,102,0,0,0,'2023-12-20 09:23:57',NULL),(3247,625,127,0,0,0,'2023-12-20 09:23:29',NULL),(3246,643,127,8000,407,1,'2023-12-20 09:22:44','2023-12-20 10:29:32'),(3245,625,109,1200,114,1,'2023-12-20 09:21:28','2023-12-20 10:23:22'),(3244,625,109,0,0,0,'2023-12-20 09:20:46',NULL),(3243,643,127,0,0,0,'2023-12-20 09:20:21',NULL),(3242,625,102,1000,21,0,'2023-12-20 09:16:24','2023-12-20 10:16:45'),(3241,625,127,0,0,0,'2023-12-20 09:14:44',NULL),(3240,625,102,900,27,0,'2023-12-20 09:14:04','2023-12-20 10:14:32'),(3239,625,102,1000,7,0,'2023-12-20 09:13:13','2023-12-20 10:13:21'),(3238,625,102,0,0,0,'2023-12-20 09:12:07',NULL),(3237,598,102,0,0,0,'2023-12-20 09:08:54',NULL),(3236,598,127,0,0,0,'2023-12-20 09:08:41',NULL),(3235,625,102,3800,63,0,'2023-12-20 09:07:14','2023-12-20 10:08:18'),(3234,598,109,0,0,0,'2023-12-20 09:06:29',NULL),(3233,625,102,6100,96,1,'2023-12-20 09:04:34','2023-12-20 10:06:10'),(3232,625,102,6500,129,1,'2023-12-20 09:01:12','2023-12-20 10:03:21'),(3231,625,102,1000,34,0,'2023-12-20 08:57:14','2023-12-20 09:57:49'),(3230,625,109,0,0,0,'2023-12-20 08:55:27',NULL),(3229,643,109,800,23,1,'2023-12-20 06:58:08','2023-12-20 07:58:32'),(3228,643,109,0,0,0,'2023-12-20 06:57:45',NULL),(3227,643,109,0,0,0,'2023-12-20 06:57:25',NULL),(3226,643,109,240,62,1,'2023-12-20 06:56:01','2023-12-20 07:57:03'),(3225,643,127,8000,1034,1,'2023-12-20 06:37:34','2023-12-20 07:54:48'),(3224,643,127,0,0,0,'2023-12-20 06:32:14',NULL),(3223,643,94,8000,51,1,'2023-12-20 06:30:04','2023-12-20 07:30:56'),(3222,643,94,8000,89,1,'2023-12-20 06:28:29','2023-12-20 07:29:58'),(3221,643,94,8000,69,1,'2023-12-20 06:26:31','2023-12-20 07:27:41'),(3220,643,127,0,0,0,'2023-12-20 06:23:07',NULL),(3219,643,127,0,0,0,'2023-12-20 06:22:50',NULL),(3218,643,127,0,0,0,'2023-12-20 06:22:28',NULL),(3217,643,127,0,0,0,'2023-12-20 06:17:30',NULL),(3216,643,127,0,0,0,'2023-12-20 06:17:04',NULL),(3215,643,127,0,0,0,'2023-12-20 06:16:08',NULL),(3214,643,127,0,0,0,'2023-12-20 06:11:05',NULL),(3213,643,127,0,0,0,'2023-12-20 06:09:42',NULL),(3212,643,127,0,0,0,'2023-12-20 06:09:18',NULL),(3211,643,127,0,0,0,'2023-12-20 06:07:19',NULL),(3210,643,127,0,0,0,'2023-12-20 06:04:53',NULL),(3209,643,127,0,0,0,'2023-12-20 06:04:02',NULL),(3208,643,127,0,0,0,'2023-12-20 06:02:06',NULL),(3207,643,127,0,0,0,'2023-12-20 05:59:26',NULL),(3206,643,127,0,0,0,'2023-12-20 05:56:21',NULL),(3205,643,127,0,0,0,'2023-12-20 05:55:33',NULL),(3204,643,127,0,0,0,'2023-12-20 05:53:31',NULL),(3203,643,127,0,0,0,'2023-12-20 05:52:26',NULL),(3202,643,127,0,0,0,'2023-12-20 05:51:49',NULL),(3201,643,127,0,0,0,'2023-12-20 05:51:29',NULL),(3200,643,127,0,0,0,'2023-12-20 05:50:09',NULL),(3199,643,127,0,0,0,'2023-12-20 05:48:23',NULL),(3198,643,127,0,0,0,'2023-12-20 05:45:41',NULL),(3197,643,127,0,0,0,'2023-12-20 05:45:13',NULL),(3196,643,127,0,0,0,'2023-12-20 05:42:47',NULL),(3195,643,127,0,0,0,'2023-12-20 05:40:50',NULL),(3194,643,127,0,0,0,'2023-12-20 05:40:14',NULL),(3193,643,94,8000,99,1,'2023-12-20 05:38:22','2023-12-20 06:40:02'),(3192,643,94,0,0,0,'2023-12-20 05:37:46',NULL),(3191,643,102,8000,209,1,'2023-12-20 05:30:54','2023-12-20 06:34:23'),(3190,643,102,2300,119,0,'2023-12-20 05:28:47','2023-12-20 06:30:47'),(3189,643,102,1000,27,0,'2023-12-20 05:27:30','2023-12-20 06:27:57'),(3188,643,102,2300,77,0,'2023-12-20 05:26:04','2023-12-20 06:27:22'),(3187,643,102,2400,52,0,'2023-12-20 05:25:04','2023-12-20 06:25:58'),(3186,643,102,2500,121,0,'2023-12-20 05:21:22','2023-12-20 06:23:24'),(3185,643,102,0,0,0,'2023-12-20 05:20:17',NULL),(3184,643,102,1000,32,0,'2023-12-20 05:18:51','2023-12-20 06:19:23'),(3183,643,102,1000,64,0,'2023-12-20 05:15:37','2023-12-20 06:16:42'),(3182,643,102,1000,51,0,'2023-12-20 05:13:33','2023-12-20 06:14:25'),(3181,643,127,0,0,0,'2023-12-20 05:12:59',NULL),(3180,643,102,0,0,0,'2023-12-20 05:12:05',NULL),(3179,643,102,1000,36,0,'2023-12-20 05:09:46','2023-12-20 06:10:22'),(3178,643,102,900,58,0,'2023-12-20 05:08:41','2023-12-20 06:09:40'),(3177,659,129,0,22,0,'2023-12-19 22:54:56','2023-12-19 23:55:18'),(3176,659,127,4278,636,1,'2023-12-19 22:40:37','2023-12-19 23:51:14'),(3175,659,129,0,8,0,'2023-12-19 22:39:54','2023-12-19 23:40:02'),(3174,598,109,0,0,0,'2023-12-19 22:26:46',NULL),(3173,659,130,4050,801,1,'2023-12-19 22:26:29','2023-12-19 23:39:51'),(3172,598,109,0,0,0,'2023-12-19 22:25:08',NULL),(3171,598,109,0,0,0,'2023-12-19 22:24:54',NULL),(3170,598,127,0,0,0,'2023-12-19 22:24:38',NULL),(3169,659,109,0,92,1,'2023-12-19 22:22:46','2023-12-19 23:24:19'),(3168,659,94,4900,334,1,'2023-12-19 22:16:59','2023-12-19 23:22:34'),(3167,659,102,4300,237,1,'2023-12-19 22:12:51','2023-12-19 23:16:49'),(3166,598,127,0,0,0,'2023-12-19 22:12:49',NULL),(3165,598,109,0,0,0,'2023-12-19 22:12:36',NULL),(3164,598,127,0,0,0,'2023-12-19 22:12:24',NULL),(3163,598,109,0,0,0,'2023-12-19 22:11:58',NULL),(3162,598,109,0,0,0,'2023-12-19 22:11:47',NULL),(3161,643,102,0,0,0,'2023-12-19 21:31:06',NULL),(3160,643,102,1000,41,0,'2023-12-19 21:29:35','2023-12-19 22:30:17'),(3159,643,102,2300,66,0,'2023-12-19 21:28:21','2023-12-19 22:29:28'),(3158,643,102,0,0,0,'2023-12-19 21:27:21',NULL),(3157,643,102,2300,77,0,'2023-12-19 21:25:50','2023-12-19 22:27:08'),(3156,643,102,900,38,0,'2023-12-19 21:25:02','2023-12-19 22:25:41'),(3155,643,102,1000,34,0,'2023-12-19 21:23:30','2023-12-19 22:24:04'),(3154,643,102,0,0,0,'2023-12-19 21:23:11',NULL),(3153,643,102,1000,36,0,'2023-12-19 21:21:30','2023-12-19 22:22:08'),(3152,643,102,2400,36,0,'2023-12-19 21:20:46','2023-12-19 22:21:23'),(3151,643,102,2500,56,0,'2023-12-19 21:18:42','2023-12-19 22:19:38'),(3150,643,102,1000,32,0,'2023-12-19 21:17:13','2023-12-19 22:17:45'),(3149,643,102,4700,134,1,'2023-12-19 21:14:48','2023-12-19 22:17:03'),(3148,643,102,1000,37,0,'2023-12-19 21:13:12','2023-12-19 22:13:49'),(3147,643,102,900,43,0,'2023-12-19 21:12:23','2023-12-19 22:13:06'),(3146,643,127,0,0,0,'2023-12-19 21:12:11',NULL),(3145,643,102,0,0,0,'2023-12-19 21:11:26',NULL),(3144,643,102,2300,72,0,'2023-12-19 21:10:06','2023-12-19 22:11:19'),(3143,643,102,2500,54,0,'2023-12-19 21:07:55','2023-12-19 22:08:50'),(3142,643,102,1000,30,0,'2023-12-19 21:06:36','2023-12-19 22:07:07'),(3141,643,102,0,0,0,'2023-12-19 21:05:54',NULL),(3140,643,102,900,42,0,'2023-12-19 21:04:59','2023-12-19 22:05:42'),(3139,643,102,0,0,0,'2023-12-19 21:04:28',NULL),(3138,643,102,0,0,0,'2023-12-19 21:04:09',NULL),(3137,588,130,0,0,0,'2023-12-19 20:54:53',NULL),(3136,588,129,0,0,0,'2023-12-19 20:54:18',NULL),(3135,588,130,6200,10,1,'2023-12-19 20:54:04','2023-12-19 21:54:15'),(3134,588,129,5500,556,0,'2023-12-19 20:43:23','2023-12-19 21:52:40'),(3133,588,130,6200,15,1,'2023-12-19 20:43:03','2023-12-19 21:43:19'),(3132,588,94,0,0,0,'2023-12-19 20:42:54',NULL),(3131,625,109,1960,25,1,'2023-12-19 20:35:19','2023-12-19 21:35:44'),(3130,588,129,4500,585,0,'2023-12-19 20:31:48','2023-12-19 21:41:33'),(3129,588,129,0,0,0,'2023-12-19 20:31:01',NULL),(3128,625,109,2400,191,1,'2023-12-19 20:30:11','2023-12-19 21:33:22'),(3127,588,127,0,0,0,'2023-12-19 20:26:13',NULL),(3126,588,127,0,0,0,'2023-12-19 20:25:18',NULL),(3125,625,129,7000,734,1,'2023-12-19 20:17:35','2023-12-19 21:29:49'),(3124,625,127,8000,1237,1,'2023-12-19 19:54:29','2023-12-19 21:15:07'),(3123,625,127,0,0,0,'2023-12-19 19:49:39',NULL),(3122,588,129,3500,2170,0,'2023-12-19 19:48:22','2023-12-19 21:24:32'),(3121,625,127,0,0,0,'2023-12-19 19:45:45',NULL),(3120,625,109,1960,123,1,'2023-12-19 19:43:20','2023-12-19 20:45:24'),(3119,588,129,1500,382,0,'2023-12-19 19:41:42','2023-12-19 20:48:04'),(3118,625,94,8000,80,1,'2023-12-19 19:41:35','2023-12-19 20:42:56'),(3117,588,129,500,817,0,'2023-12-19 19:26:50','2023-12-19 20:40:28'),(3116,588,102,7700,53,1,'2023-12-19 19:24:29','2023-12-19 20:25:22'),(3115,588,102,8000,361,1,'2023-12-19 19:17:12','2023-12-19 20:23:14'),(3114,588,109,0,0,0,'2023-12-19 19:16:54',NULL),(3113,588,127,5396,941,1,'2023-12-19 19:00:53','2023-12-19 20:16:35'),(3112,643,129,0,0,0,'2023-12-19 07:30:51',NULL),(3111,643,127,8000,2029,1,'2023-12-19 06:53:58','2023-12-19 08:27:47'),(3110,643,127,0,0,0,'2023-12-19 06:49:45',NULL),(3109,643,127,0,0,0,'2023-12-19 06:48:32',NULL),(3108,643,127,7394,241,1,'2023-12-19 06:43:02','2023-12-19 07:47:03'),(3107,643,127,6360,602,1,'2023-12-19 06:31:05','2023-12-19 07:41:08'),(3106,643,127,0,0,0,'2023-12-18 23:28:08',NULL),(3105,643,94,8000,575,1,'2023-12-18 23:17:37','2023-12-19 00:27:14'),(3104,643,130,8000,318,1,'2023-12-18 23:10:51','2023-12-19 00:16:09'),(3103,643,109,520,53,1,'2023-12-18 23:08:32','2023-12-19 00:09:26'),(3102,643,129,7000,110,1,'2023-12-18 23:05:07','2023-12-19 00:06:58'),(3101,625,94,2400,53,1,'2023-12-18 23:01:34','2023-12-19 00:02:28'),(3100,625,109,2000,37,1,'2023-12-18 23:00:21','2023-12-19 00:00:59'),(3099,625,94,2500,28,1,'2023-12-18 22:59:45','2023-12-19 00:00:14'),(3098,625,94,1500,15,1,'2023-12-18 22:59:26','2023-12-18 23:59:41'),(3097,625,94,0,0,0,'2023-12-18 22:58:41',NULL),(3096,625,94,0,0,0,'2023-12-18 22:58:13',NULL),(3095,625,109,2400,156,1,'2023-12-18 22:55:27','2023-12-18 23:58:04'),(3094,625,94,0,20,1,'2023-12-18 22:54:59','2023-12-18 23:55:20'),(3093,643,129,6000,1273,1,'2023-12-18 22:43:13','2023-12-19 00:04:27'),(3092,643,127,0,0,0,'2023-12-18 22:37:34',NULL),(3091,643,129,6000,161,1,'2023-12-18 22:33:06','2023-12-18 23:35:48'),(3090,643,129,6000,1254,1,'2023-12-18 22:11:03','2023-12-18 23:31:58'),(3089,643,129,4500,1085,0,'2023-12-18 21:50:21','2023-12-18 23:08:27'),(3088,643,129,3500,1144,0,'2023-12-18 21:23:50','2023-12-18 22:42:55'),(3087,625,129,7000,439,1,'2023-12-18 20:57:59','2023-12-18 22:05:19'),(3086,625,94,2500,154,1,'2023-12-18 20:55:04','2023-12-18 21:57:39'),(3085,625,109,1600,35,1,'2023-12-18 20:53:58','2023-12-18 21:54:34'),(3084,625,109,2400,25,1,'2023-12-18 20:53:18','2023-12-18 21:53:43'),(3083,625,94,2500,99,1,'2023-12-18 20:51:30','2023-12-18 21:53:10'),(3082,625,94,1500,41,1,'2023-12-18 20:49:58','2023-12-18 21:50:39'),(3081,625,94,1000,14,1,'2023-12-18 20:49:39','2023-12-18 21:49:54'),(3080,625,94,2500,32,1,'2023-12-18 20:49:01','2023-12-18 21:49:34'),(3079,625,94,0,174,1,'2023-12-18 20:44:49','2023-12-18 21:47:44'),(3078,625,94,3000,75,1,'2023-12-18 20:43:26','2023-12-18 21:44:41'),(3077,643,129,3500,653,0,'2023-12-18 20:36:23','2023-12-18 21:47:17'),(3076,643,130,7900,8,1,'2023-12-18 20:36:12','2023-12-18 21:36:21'),(3075,625,130,8000,382,1,'2023-12-18 20:35:19','2023-12-18 21:41:42'),(3074,643,129,2000,151,0,'2023-12-18 20:33:03','2023-12-18 21:35:35'),(3073,625,127,7083,467,1,'2023-12-18 20:27:15','2023-12-18 21:35:03'),(3072,625,127,0,0,0,'2023-12-18 20:19:11',NULL),(3071,625,127,0,0,0,'2023-12-18 20:15:43',NULL),(3070,625,127,0,0,0,'2023-12-18 20:14:14',NULL),(3069,625,130,4200,136,1,'2023-12-18 20:11:56','2023-12-18 21:14:12'),(3068,625,94,2800,97,1,'2023-12-18 20:10:04','2023-12-18 21:11:42'),(3067,625,94,2500,52,1,'2023-12-18 20:07:35','2023-12-18 21:08:28'),(3066,625,109,1520,31,1,'2023-12-18 20:06:56','2023-12-18 21:07:28'),(3065,625,109,1600,30,1,'2023-12-18 20:05:52','2023-12-18 21:06:22'),(3064,625,109,1200,26,1,'2023-12-18 20:05:20','2023-12-18 21:05:47'),(3063,625,109,800,20,1,'2023-12-18 20:04:55','2023-12-18 21:05:15'),(3062,625,109,0,0,0,'2023-12-18 20:03:03',NULL),(3061,625,109,1960,189,1,'2023-12-18 19:59:44','2023-12-18 21:02:54'),(3060,625,102,8000,434,1,'2023-12-18 19:50:59','2023-12-18 20:58:14'),(3059,625,129,7000,216,1,'2023-12-18 19:47:06','2023-12-18 20:50:43'),(3058,625,129,7000,73,1,'2023-12-18 19:45:34','2023-12-18 20:46:48'),(3057,625,129,0,0,0,'2023-12-18 17:00:22',NULL),(3056,625,109,2400,250,1,'2023-12-18 16:55:26','2023-12-18 17:59:37'),(3055,625,109,560,24,1,'2023-12-18 16:54:56','2023-12-18 17:55:21'),(3054,625,109,0,0,0,'2023-12-18 16:54:20',NULL),(3053,625,109,1520,508,1,'2023-12-18 16:45:38','2023-12-18 17:54:06'),(3052,625,94,0,0,0,'2023-12-18 16:41:42',NULL),(3051,625,109,1200,151,0,'2023-12-18 16:34:18','2023-12-18 17:36:50'),(3050,625,109,0,116,1,'2023-12-18 16:27:43','2023-12-18 17:29:40'),(3049,625,129,7000,2146,1,'2023-12-18 15:51:28','2023-12-18 17:27:14'),(3048,625,94,2500,308,1,'2023-12-18 15:46:05','2023-12-18 16:51:15'),(3047,625,102,1600,104,0,'2023-12-18 15:43:27','2023-12-18 16:45:11'),(3046,625,102,700,87,0,'2023-12-18 15:40:40','2023-12-18 16:42:08'),(3045,625,127,0,0,0,'2023-12-18 15:40:30',NULL),(3044,625,130,3675,720,0,'2023-12-18 15:28:28','2023-12-18 16:40:28'),(3043,625,127,0,0,0,'2023-12-18 15:24:34',NULL),(3042,625,127,0,0,0,'2023-12-18 15:24:21',NULL),(3041,660,109,0,76,1,'2023-12-18 15:20:17','2023-12-18 16:21:33'),(3040,660,94,1500,26,0,'2023-12-18 15:18:31','2023-12-18 16:18:58'),(3039,660,102,7100,120,1,'2023-12-18 15:16:10','2023-12-18 16:18:11'),(3038,625,127,6576,751,1,'2023-12-18 15:11:37','2023-12-18 16:24:09'),(3037,624,130,0,0,0,'2023-12-18 14:01:58',NULL),(3036,624,102,0,0,0,'2023-12-18 14:01:37',NULL),(3035,655,94,0,0,0,'2023-12-18 08:18:06',NULL),(3034,657,129,0,0,0,'2023-12-17 12:05:26',NULL),(3033,657,127,0,0,0,'2023-12-17 11:56:23',NULL),(3032,657,127,0,0,0,'2023-12-17 11:51:56',NULL),(3031,657,130,0,0,0,'2023-12-16 19:56:51',NULL),(3030,657,129,7000,2077,1,'2023-12-16 19:21:48','2023-12-16 20:56:26'),(3029,657,109,0,0,0,'2023-12-16 19:21:12',NULL),(3028,657,109,2400,622,1,'2023-12-16 19:10:38','2023-12-16 20:21:01'),(3027,657,109,0,0,0,'2023-12-16 19:10:26',NULL),(3026,657,130,8000,895,1,'2023-12-16 18:54:35','2023-12-16 20:09:31'),(3025,657,127,0,0,0,'2023-12-16 18:54:05',NULL),(3024,657,127,7660,396,1,'2023-12-16 18:41:59','2023-12-16 19:48:35'),(3023,657,129,5000,149,0,'2023-12-16 18:32:37','2023-12-16 19:35:07'),(3022,657,102,8000,375,1,'2023-12-16 18:25:35','2023-12-16 19:31:51'),(3021,657,102,4700,32,1,'2023-12-16 18:24:44','2023-12-16 19:25:16'),(3020,657,127,5468,1275,1,'2023-12-16 18:01:54','2023-12-16 19:23:10'),(3019,657,129,0,0,0,'2023-12-16 18:00:43',NULL),(3018,695,127,0,0,0,'2023-12-16 18:00:31',NULL),(3017,695,102,0,0,0,'2023-12-16 18:00:14',NULL),(3016,657,129,0,0,0,'2023-12-16 17:59:59',NULL),(3015,657,129,5000,1646,0,'2023-12-16 17:32:16','2023-12-16 18:59:42'),(3014,657,129,1000,268,0,'2023-12-16 17:26:48','2023-12-16 18:31:16'),(3013,657,129,0,135,0,'2023-12-16 17:23:18','2023-12-16 18:25:34'),(3012,604,109,0,0,0,'2023-12-16 17:22:53',NULL),(3011,657,102,0,0,0,'2023-12-16 17:22:30',NULL),(3010,657,102,2500,252,0,'2023-12-16 17:17:51','2023-12-16 18:22:03'),(3009,657,94,8000,319,1,'2023-12-16 17:11:04','2023-12-16 18:16:24'),(3008,657,130,0,0,0,'2023-12-16 16:57:05',NULL),(3007,657,94,850,164,0,'2023-12-16 16:52:43','2023-12-16 17:55:28'),(3006,616,130,0,0,0,'2023-12-16 14:29:13',NULL),(3005,616,102,8000,625,1,'2023-12-16 14:17:45','2023-12-16 15:28:10'),(3004,562,109,0,0,0,'2023-12-15 15:53:18',NULL),(3003,562,109,0,0,0,'2023-12-15 15:44:33',NULL),(3002,562,129,0,0,0,'2023-12-15 15:26:24',NULL),(3001,626,130,0,0,0,'2023-12-15 14:25:17',NULL),(3000,562,129,500,88,0,'2023-12-15 10:41:35','2023-12-15 11:43:04'),(2999,655,130,0,0,0,'2023-12-15 09:54:45',NULL),(2998,655,129,6000,1933,1,'2023-12-15 09:22:09','2023-12-15 10:54:23'),(2997,655,129,0,0,0,'2023-12-15 09:18:25',NULL),(2996,663,127,750,163,0,'2023-12-14 19:16:39','2023-12-14 20:19:22'),(2995,663,102,800,130,0,'2023-12-14 19:13:18','2023-12-14 20:15:28'),(2994,596,127,3220,551,0,'2023-12-14 18:27:06','2023-12-14 19:36:18'),(2993,596,94,0,0,0,'2023-12-14 18:26:14',NULL),(2992,655,129,4500,331,0,'2023-12-14 16:15:53','2023-12-14 17:21:25'),(2991,655,130,0,0,0,'2023-12-14 14:43:36',NULL),(2990,655,109,0,0,0,'2023-12-14 14:42:47',NULL),(2989,655,109,1720,397,1,'2023-12-14 14:35:57','2023-12-14 15:42:35'),(2988,655,129,4500,254,0,'2023-12-14 10:39:07','2023-12-14 11:43:21'),(2987,664,129,1000,327,0,'2023-12-14 10:37:31','2023-12-14 11:42:59'),(2986,655,130,0,0,0,'2023-12-13 17:14:04',NULL),(2985,655,129,5500,234,0,'2023-12-13 17:09:48','2023-12-13 18:13:42'),(2984,658,129,0,0,0,'2023-12-13 14:08:14',NULL),(2983,658,129,2000,1720,0,'2023-12-13 13:39:02','2023-12-13 15:07:42'),(2982,611,102,2200,196,0,'2023-12-13 10:13:05','2023-12-13 11:16:22'),(2981,611,94,0,0,0,'2023-12-13 10:09:24',NULL),(2980,655,129,4500,393,0,'2023-12-13 08:35:33','2023-12-13 09:42:07'),(2979,598,129,7000,47,1,'2023-12-12 23:52:08','2023-12-13 00:52:55'),(2978,598,129,7000,396,1,'2023-12-12 23:44:55','2023-12-13 00:51:32'),(2977,598,129,7000,564,1,'2023-12-12 23:35:09','2023-12-13 00:44:33'),(2976,598,129,6500,839,1,'2023-12-12 23:20:55','2023-12-13 00:34:54'),(2975,598,129,3000,674,0,'2023-12-12 23:03:18','2023-12-13 00:14:33'),(2974,598,129,0,422,0,'2023-12-12 22:55:49','2023-12-13 00:02:51'),(2973,598,109,0,0,0,'2023-12-12 22:55:22',NULL),(2972,598,129,0,0,0,'2023-12-12 22:55:06',NULL),(2971,611,129,0,0,0,'2023-12-12 18:13:29',NULL),(2970,598,109,1800,260,0,'2023-12-12 16:42:52','2023-12-12 17:47:13'),(2969,598,129,0,10,0,'2023-12-12 16:42:24','2023-12-12 17:42:34'),(2968,598,102,8000,473,1,'2023-12-12 16:33:13','2023-12-12 17:41:07'),(2967,598,102,7400,336,1,'2023-12-12 16:26:58','2023-12-12 17:32:34'),(2966,647,102,700,61,0,'2023-12-11 17:08:11','2023-12-11 18:09:12'),(2965,608,129,0,0,0,'2023-12-11 16:46:24',NULL),(2964,628,109,0,0,0,'2023-12-11 16:46:07',NULL),(2963,618,109,0,0,0,'2023-12-11 16:34:00',NULL),(2962,628,130,8000,703,1,'2023-12-11 16:33:39','2023-12-11 17:45:23'),(2961,615,130,1775,535,0,'2023-12-11 16:26:47','2023-12-11 17:35:43'),(2960,615,102,5200,323,1,'2023-12-11 16:21:11','2023-12-11 17:26:35'),(2959,618,130,0,0,0,'2023-12-11 16:19:43',NULL),(2958,615,109,0,0,0,'2023-12-11 16:18:55',NULL),(2957,628,130,0,0,0,'2023-12-11 16:18:23',NULL),(2956,628,109,0,90,1,'2023-12-11 16:14:53','2023-12-11 17:16:24'),(2955,618,130,0,0,0,'2023-12-11 16:14:23',NULL),(2954,618,129,0,0,0,'2023-12-11 16:13:42',NULL),(2953,628,129,6000,453,1,'2023-12-11 15:58:57','2023-12-11 17:06:31'),(2952,628,102,4400,199,1,'2023-12-11 15:54:59','2023-12-11 16:58:18'),(2951,628,102,0,0,0,'2023-12-11 15:53:54',NULL),(2950,621,130,0,0,0,'2023-12-11 15:30:26',NULL),(2949,621,109,800,449,0,'2023-12-11 15:20:49','2023-12-11 16:28:19'),(2948,608,102,8000,31,1,'2023-12-11 10:51:44','2023-12-11 11:52:16'),(2947,608,102,7400,80,1,'2023-12-11 10:48:46','2023-12-11 11:50:06'),(2946,608,102,4000,113,1,'2023-12-11 10:46:23','2023-12-11 11:48:17'),(2945,590,129,0,0,0,'2023-12-11 08:38:51',NULL),(2944,590,102,0,0,0,'2023-12-11 08:38:25',NULL),(2943,590,130,3250,250,0,'2023-12-11 08:33:44','2023-12-11 09:37:55'),(2942,590,102,8000,982,1,'2023-12-11 08:15:48','2023-12-11 09:32:11'),(2941,656,109,0,0,0,'2023-12-02 22:12:23',NULL),(2940,602,102,900,38,0,'2023-11-30 09:56:46','2023-11-30 10:57:25'),(2939,602,102,0,0,0,'2023-11-30 09:47:45',NULL),(2938,602,102,0,0,0,'2023-11-30 09:45:40',NULL),(2937,655,129,4500,457,0,'2023-11-29 18:15:31','2023-11-29 19:23:09'),(2936,618,129,6000,918,1,'2023-11-29 17:49:17','2023-11-29 19:04:36'),(2935,618,127,0,0,0,'2023-11-29 17:42:08',NULL),(2934,618,94,8000,209,1,'2023-11-29 17:36:45','2023-11-29 18:40:15'),(2933,618,94,0,0,0,'2023-11-29 17:35:37',NULL),(2932,618,102,8000,459,1,'2023-11-29 17:26:47','2023-11-29 18:34:27'),(2931,580,109,0,0,0,'2023-11-29 17:09:52',NULL),(2930,596,102,700,61,0,'2023-11-29 16:26:18','2023-11-29 17:27:19'),(2929,658,102,2300,85,0,'2023-11-29 16:10:01','2023-11-29 17:11:27'),(2928,658,130,2625,690,0,'2023-11-29 15:58:23','2023-11-29 17:09:54'),(2927,658,109,1960,226,1,'2023-11-29 15:54:29','2023-11-29 16:58:15'),(2926,658,94,0,0,0,'2023-11-29 15:54:16',NULL),(2925,658,94,4050,229,1,'2023-11-29 15:49:24','2023-11-29 16:53:13'),(2924,658,129,500,228,0,'2023-11-29 15:45:18','2023-11-29 16:49:07'),(2923,658,94,1000,201,0,'2023-11-29 15:39:22','2023-11-29 16:42:44'),(2922,658,109,0,0,0,'2023-11-29 15:39:07',NULL),(2921,580,102,6100,134,1,'2023-11-29 14:39:52','2023-11-29 15:42:07'),(2920,572,102,7600,450,1,'2023-11-29 14:30:35','2023-11-29 15:38:05'),(2919,579,102,8000,125,1,'2023-11-29 14:27:05','2023-11-29 15:29:10'),(2918,579,102,4100,136,1,'2023-11-29 14:24:13','2023-11-29 15:26:30'),(2917,584,102,8000,232,1,'2023-11-29 14:17:53','2023-11-29 15:21:47'),(2916,584,102,2100,63,0,'2023-11-29 14:15:52','2023-11-29 15:16:56'),(2915,584,129,7000,400,1,'2023-11-29 14:08:23','2023-11-29 15:15:04'),(2914,584,129,7000,280,1,'2023-11-29 14:02:02','2023-11-29 15:06:43'),(2913,584,102,1700,174,0,'2023-11-29 13:58:55','2023-11-29 15:01:50'),(2912,584,129,6000,371,1,'2023-11-29 12:43:54','2023-11-29 13:50:06'),(2911,656,94,0,0,0,'2023-11-29 12:06:42',NULL),(2910,656,94,0,123,1,'2023-11-29 12:04:04','2023-11-29 13:06:08'),(2909,656,129,0,0,0,'2023-11-29 12:03:19',NULL),(2908,656,102,8000,145,1,'2023-11-29 12:00:20','2023-11-29 13:02:46'),(2907,656,102,4500,89,1,'2023-11-29 11:58:01','2023-11-29 12:59:31'),(2906,656,102,2100,168,0,'2023-11-29 11:54:24','2023-11-29 12:57:12'),(2905,656,102,8000,233,1,'2023-11-29 11:49:41','2023-11-29 12:53:34'),(2904,656,129,7000,364,1,'2023-11-29 11:42:44','2023-11-29 12:48:49'),(2903,656,129,6000,1962,1,'2023-11-29 11:09:31','2023-11-29 12:42:14'),(2902,656,127,5834,329,1,'2023-11-29 11:03:42','2023-11-29 12:09:11'),(2901,643,129,2000,124,0,'2023-11-29 10:40:03','2023-11-29 11:42:07'),(2900,652,102,8000,30,1,'2023-11-29 10:39:01','2023-11-29 11:39:31'),(2899,652,102,7700,74,1,'2023-11-29 10:36:59','2023-11-29 11:38:13'),(2898,652,102,2500,236,0,'2023-11-29 10:31:48','2023-11-29 11:35:45'),(2897,655,109,520,48,1,'2023-11-29 08:49:34','2023-11-29 09:50:22'),(2896,655,129,3500,1659,0,'2023-11-29 08:12:19','2023-11-29 09:39:59'),(2895,655,102,8000,266,1,'2023-11-29 08:07:41','2023-11-29 09:12:08'),(2894,643,129,1500,591,0,'2023-11-29 01:07:48','2023-11-29 02:17:40'),(2893,643,129,1500,621,0,'2023-11-29 00:49:24','2023-11-29 01:59:46'),(2892,643,130,7900,645,1,'2023-11-29 00:35:20','2023-11-29 01:46:05'),(2891,643,109,2400,190,1,'2023-11-29 00:19:37','2023-11-29 01:22:47'),(2890,643,127,0,0,0,'2023-11-29 00:16:33',NULL),(2889,643,109,0,0,0,'2023-11-29 00:15:17',NULL),(2888,643,109,1520,238,1,'2023-11-29 00:10:57','2023-11-29 01:14:56'),(2887,643,109,1520,257,1,'2023-11-29 00:05:57','2023-11-29 01:10:16'),(2886,643,94,7800,97,1,'2023-11-29 00:00:36','2023-11-29 01:02:14'),(2885,643,130,0,0,0,'2023-11-29 00:00:07',NULL),(2884,618,129,0,0,0,'2023-11-28 23:42:08',NULL),(2883,643,127,6209,540,1,'2023-11-28 23:24:16','2023-11-29 00:33:16'),(2882,643,127,6127,404,1,'2023-11-28 23:14:13','2023-11-29 00:20:58'),(2881,643,129,1500,992,0,'2023-11-28 22:56:05','2023-11-29 00:12:37'),(2880,643,130,5600,1719,1,'2023-11-28 22:21:55','2023-11-28 23:50:35'),(2879,643,109,0,0,0,'2023-11-28 22:20:57',NULL),(2878,643,109,2400,848,1,'2023-11-28 22:06:32','2023-11-28 23:20:41'),(2877,643,94,0,0,0,'2023-11-28 22:06:09',NULL),(2876,643,109,0,0,0,'2023-11-28 22:02:15',NULL),(2875,643,127,3013,1244,0,'2023-11-28 21:40:44','2023-11-28 23:01:30'),(2874,643,94,3000,275,1,'2023-11-28 21:35:49','2023-11-28 22:40:25'),(2873,643,94,5000,587,1,'2023-11-28 21:25:49','2023-11-28 22:35:37'),(2872,643,102,8000,1818,1,'2023-11-28 20:55:10','2023-11-28 22:25:30'),(2871,652,129,7000,31,1,'2023-11-28 20:09:21','2023-11-28 21:09:53'),(2870,652,129,7000,810,1,'2023-11-28 19:55:34','2023-11-28 21:09:04'),(2869,652,129,7000,1027,1,'2023-11-28 19:37:59','2023-11-28 20:55:06'),(2868,652,129,7000,272,1,'2023-11-28 19:32:45','2023-11-28 20:37:17'),(2867,652,129,7000,364,1,'2023-11-28 19:26:16','2023-11-28 20:32:21'),(2866,562,102,1100,102,0,'2023-11-28 19:24:21','2023-11-28 20:26:04'),(2865,562,102,0,0,0,'2023-11-28 19:20:19',NULL),(2864,652,129,7000,657,1,'2023-11-28 19:14:44','2023-11-28 20:25:42'),(2863,652,129,6000,2171,1,'2023-11-28 18:37:42','2023-11-28 20:13:53'),(2862,652,129,1500,372,0,'2023-11-28 18:31:11','2023-11-28 19:37:23'),(2861,634,129,0,0,0,'2023-11-28 17:35:07',NULL),(2860,634,129,0,182,0,'2023-11-28 17:31:33','2023-11-28 18:34:36'),(2859,634,129,0,10,0,'2023-11-28 17:26:16','2023-11-28 18:26:26'),(2858,634,102,4400,282,1,'2023-11-28 17:20:38','2023-11-28 18:25:20'),(2857,695,102,7000,92,1,'2023-11-28 16:23:23','2023-11-28 17:24:55'),(2856,695,129,0,0,0,'2023-11-28 16:20:05',NULL),(2855,695,102,5800,161,1,'2023-11-28 16:15:49','2023-11-28 17:18:30'),(2854,695,102,1700,143,0,'2023-11-28 16:12:28','2023-11-28 17:14:52'),(2853,584,129,6000,63,1,'2023-11-28 13:54:43','2023-11-28 14:55:46'),(2852,618,102,6100,102,1,'2023-11-28 12:24:09','2023-11-28 13:25:51'),(2851,604,127,0,0,0,'2023-11-28 10:20:08',NULL),(2850,647,109,0,0,0,'2023-11-28 09:10:49',NULL),(2849,647,130,0,0,0,'2023-11-28 09:07:46',NULL),(2848,618,94,800,118,1,'2023-11-28 01:00:04','2023-11-28 02:02:03'),(2847,618,94,0,0,0,'2023-11-28 00:59:08',NULL),(2846,618,102,6700,352,1,'2023-11-28 00:51:07','2023-11-28 01:57:00'),(2845,618,102,4600,315,1,'2023-11-28 00:44:46','2023-11-28 01:50:01'),(2844,584,127,8000,300,1,'2023-11-27 18:31:57','2023-11-27 19:36:58'),(2843,584,102,0,0,0,'2023-11-27 18:31:17',NULL),(2842,584,102,6100,284,1,'2023-11-27 18:26:27','2023-11-27 19:31:12'),(2841,584,102,0,0,0,'2023-11-27 18:18:54',NULL),(2840,627,127,0,3,0,'2023-11-27 14:58:32','2023-11-27 15:58:36'),(2839,632,127,0,46,0,'2023-11-27 14:35:50','2023-11-27 15:36:36'),(2838,627,109,0,79,1,'2023-11-27 14:35:28','2023-11-27 15:36:48'),(2837,584,102,5900,184,1,'2023-11-27 14:18:44','2023-11-27 15:21:48'),(2836,584,102,0,0,0,'2023-11-27 14:17:47',NULL),(2835,590,129,1500,1697,0,'2023-11-27 09:13:32','2023-11-27 10:41:50'),(2834,618,130,0,0,0,'2023-11-26 23:43:43',NULL),(2833,618,127,5393,850,1,'2023-11-26 23:28:36','2023-11-27 00:42:46'),(2832,618,94,7750,171,1,'2023-11-26 23:22:55','2023-11-27 00:25:46'),(2831,611,129,0,178,0,'2023-11-26 17:40:49','2023-11-26 18:43:48'),(2830,581,129,0,0,0,'2023-11-26 15:31:27',NULL),(2829,581,129,6000,876,1,'2023-11-26 15:15:55','2023-11-26 16:30:32'),(2828,581,129,4000,1028,0,'2023-11-26 14:58:32','2023-11-26 16:15:41'),(2827,567,94,2500,41,1,'2023-11-26 12:12:38','2023-11-26 13:13:21'),(2826,640,129,0,15,0,'2023-11-24 21:43:21','2023-11-24 22:43:38'),(2825,640,109,560,84,0,'2023-11-24 21:40:38','2023-11-24 22:42:02'),(2824,640,130,0,0,0,'2023-11-24 21:37:11',NULL),(2823,640,109,0,64,1,'2023-11-24 21:35:33','2023-11-24 22:36:38'),(2822,700,129,1000,343,0,'2023-11-24 18:38:52','2023-11-24 19:44:36'),(2821,627,130,0,0,0,'2023-11-24 17:39:18',NULL),(2820,584,129,6000,86,1,'2023-11-24 14:32:14','2023-11-24 15:33:41'),(2819,584,127,0,0,0,'2023-11-24 14:28:16',NULL),(2818,660,129,0,19,0,'2023-11-23 18:30:37','2023-11-23 19:30:57'),(2817,581,129,3500,452,0,'2023-11-22 20:13:28','2023-11-22 21:21:00'),(2816,581,129,3500,1062,0,'2023-11-22 19:55:09','2023-11-22 21:12:51'),(2815,656,127,4166,717,1,'2023-11-22 15:37:34','2023-11-22 16:49:31'),(2814,602,129,0,0,0,'2023-11-22 15:32:26',NULL),(2813,656,94,1000,390,0,'2023-11-22 15:29:33','2023-11-22 16:36:04'),(2812,656,129,0,0,0,'2023-11-22 15:29:15',NULL),(2811,602,129,0,30,0,'2023-11-22 15:14:03','2023-11-22 16:14:34'),(2810,569,129,0,7,0,'2023-11-22 15:03:08','2023-11-22 16:03:16'),(2809,569,94,3000,19,1,'2023-11-22 15:02:17','2023-11-22 16:02:37'),(2808,598,94,8000,132,1,'2023-11-22 14:09:28','2023-11-22 15:11:41'),(2807,598,94,2500,83,1,'2023-11-22 14:07:56','2023-11-22 15:09:20'),(2806,598,94,7900,300,1,'2023-11-22 14:01:56','2023-11-22 15:06:57'),(2805,592,129,0,0,0,'2023-11-22 11:58:34',NULL),(2804,572,127,0,0,0,'2023-11-22 11:11:24',NULL),(2803,572,127,6829,203,1,'2023-11-22 11:07:42','2023-11-22 12:11:05'),(2802,572,94,7800,123,1,'2023-11-22 11:05:27','2023-11-22 12:07:31'),(2801,572,129,6000,685,1,'2023-11-22 10:52:49','2023-11-22 12:04:15'),(2800,580,129,6000,869,1,'2023-11-22 10:36:28','2023-11-22 11:50:58'),(2799,580,127,5737,238,1,'2023-11-22 10:32:21','2023-11-22 11:36:20'),(2798,580,130,8000,48,1,'2023-11-22 10:31:24','2023-11-22 11:32:13'),(2797,601,130,0,0,0,'2023-11-22 05:22:20',NULL),(2796,601,130,0,0,0,'2023-11-22 05:15:07',NULL),(2795,601,127,1508,396,0,'2023-11-22 05:08:16','2023-11-22 06:14:53'),(2794,588,127,0,22,0,'2023-11-21 20:49:52','2023-11-21 21:50:17'),(2793,588,109,0,0,0,'2023-11-21 20:49:26',NULL),(2792,588,109,0,0,0,'2023-11-21 20:49:11',NULL),(2791,588,94,3000,268,1,'2023-11-21 20:43:55','2023-11-21 21:48:26'),(2790,588,94,8000,371,1,'2023-11-21 20:37:10','2023-11-21 21:43:23'),(2789,588,94,8000,216,1,'2023-11-21 20:32:56','2023-11-21 21:36:34'),(2788,588,94,8000,126,1,'2023-11-21 20:30:11','2023-11-21 21:32:18'),(2787,588,94,8000,250,1,'2023-11-21 20:25:04','2023-11-21 21:29:16'),(2786,588,109,0,0,0,'2023-11-21 20:24:36',NULL),(2785,588,94,2400,59,1,'2023-11-21 20:23:00','2023-11-21 21:24:01'),(2784,588,94,4850,1016,1,'2023-11-21 20:04:49','2023-11-21 21:21:48'),(2783,588,94,1000,910,0,'2023-11-21 19:47:22','2023-11-21 21:02:33'),(2782,588,129,0,0,0,'2023-11-21 19:46:41',NULL),(2781,605,129,4500,3339,0,'2023-11-21 19:20:41','2023-11-21 21:16:22'),(2780,652,129,0,41,0,'2023-11-21 18:29:08','2023-11-21 19:29:50'),(2779,628,130,0,0,0,'2023-11-21 17:54:02',NULL),(2778,634,130,0,0,0,'2023-11-21 17:44:04',NULL),(2777,634,94,2050,255,1,'2023-11-21 17:36:25','2023-11-21 18:40:41'),(2776,628,129,3000,1214,0,'2023-11-21 17:33:37','2023-11-21 18:53:51'),(2775,628,129,0,89,0,'2023-11-21 17:31:32','2023-11-21 18:33:02'),(2774,634,127,368,384,0,'2023-11-21 17:27:03','2023-11-21 18:33:28'),(2773,628,94,6650,306,1,'2023-11-21 17:26:21','2023-11-21 18:31:27'),(2772,628,127,5320,477,1,'2023-11-21 17:18:14','2023-11-21 18:26:12'),(2771,628,127,0,1,0,'2023-11-21 17:16:42','2023-11-21 18:16:43'),(2770,700,129,500,586,0,'2023-11-21 16:42:06','2023-11-21 17:51:53'),(2769,698,129,0,7,0,'2023-11-21 16:21:56','2023-11-21 17:22:03'),(2768,700,129,0,95,0,'2023-11-21 16:19:06','2023-11-21 17:20:41'),(2767,695,129,0,1329,0,'2023-11-21 15:59:49','2023-11-21 17:21:59'),(2766,701,129,0,129,0,'2023-11-21 15:55:26','2023-11-21 16:57:35'),(2765,701,94,0,19,1,'2023-11-21 15:54:52','2023-11-21 16:55:13'),(2764,701,127,0,0,0,'2023-11-21 15:54:44',NULL),(2763,701,127,0,0,0,'2023-11-21 15:54:23',NULL),(2762,700,109,2400,320,1,'2023-11-21 15:51:03','2023-11-21 16:56:24'),(2761,700,94,0,0,0,'2023-11-21 15:50:39',NULL),(2760,566,127,0,0,0,'2023-11-21 15:23:25',NULL),(2759,566,94,8000,376,1,'2023-11-21 15:09:38','2023-11-21 16:16:00'),(2758,564,129,6000,900,1,'2023-11-21 14:05:42','2023-11-21 15:20:42'),(2757,564,127,7140,252,1,'2023-11-21 14:01:23','2023-11-21 15:05:36'),(2756,564,130,7900,414,1,'2023-11-21 13:54:23','2023-11-21 15:01:18'),(2755,564,109,2400,177,0,'2023-11-21 13:51:16','2023-11-21 14:54:14'),(2754,564,109,2400,143,0,'2023-11-21 13:48:47','2023-11-21 14:51:10'),(2753,564,94,8000,64,1,'2023-11-21 13:47:35','2023-11-21 14:48:39'),(2752,579,129,6000,1085,1,'2023-11-21 12:58:49','2023-11-21 14:16:55'),(2751,579,127,7383,233,1,'2023-11-21 12:54:18','2023-11-21 13:58:12'),(2750,579,130,7950,462,1,'2023-11-21 12:46:30','2023-11-21 13:54:13'),(2749,579,109,2400,254,1,'2023-11-21 12:41:59','2023-11-21 13:46:14'),(2748,579,94,4900,49,1,'2023-11-21 12:41:03','2023-11-21 13:41:53'),(2747,579,94,2500,24,1,'2023-11-21 12:40:31','2023-11-21 13:40:56'),(2746,579,94,7900,66,1,'2023-11-21 12:39:17','2023-11-21 13:40:24'),(2745,701,129,0,159,0,'2023-11-21 10:51:35','2023-11-21 11:54:15'),(2744,695,129,0,0,0,'2023-11-21 10:43:23',NULL),(2743,695,129,0,0,0,'2023-11-21 10:42:22',NULL),(2742,564,129,0,0,0,'2023-11-21 09:59:38',NULL),(2741,567,127,0,0,0,'2023-11-21 09:58:19',NULL),(2740,564,127,1672,311,0,'2023-11-21 09:53:59','2023-11-21 10:59:11'),(2739,564,94,4050,370,1,'2023-11-21 09:45:52','2023-11-21 10:52:04'),(2738,567,109,0,0,0,'2023-11-21 09:45:10',NULL),(2737,564,127,0,0,0,'2023-11-21 09:42:49','2023-11-21 10:45:34'),(2736,567,130,4925,226,1,'2023-11-21 09:40:57','2023-11-21 10:44:43'),(2735,564,127,0,106,0,'2023-11-21 09:40:03','2023-11-21 10:41:49'),(2734,564,130,450,174,0,'2023-11-21 09:36:59','2023-11-21 10:39:55'),(2733,567,109,560,97,1,'2023-11-21 09:36:27','2023-11-21 10:38:05'),(2732,567,127,0,0,0,'2023-11-21 09:36:08',NULL),(2731,564,109,0,89,1,'2023-11-21 09:31:09','2023-11-21 10:32:39'),(2730,567,129,1000,649,0,'2023-11-21 09:24:51','2023-11-21 10:35:42'),(2729,567,129,0,0,0,'2023-11-21 09:22:57',NULL),(2728,567,129,0,44,0,'2023-11-21 09:21:28','2023-11-21 10:22:14'),(2727,567,127,0,0,0,'2023-11-21 09:18:09',NULL),(2726,567,94,2500,39,1,'2023-11-21 09:16:27','2023-11-21 10:17:06'),(2725,567,94,0,0,0,'2023-11-20 22:53:11',NULL),(2724,567,127,0,0,0,'2023-11-20 22:47:06',NULL),(2723,567,94,2150,133,1,'2023-11-20 22:42:22','2023-11-20 23:44:37'),(2722,567,130,0,0,0,'2023-11-20 22:40:38',NULL),(2721,567,130,4875,70,1,'2023-11-20 22:39:23','2023-11-20 23:40:34'),(2720,567,109,880,225,1,'2023-11-20 22:34:05','2023-11-20 23:37:51'),(2719,567,129,0,16,0,'2023-11-20 22:31:39','2023-11-20 23:31:56'),(2718,567,127,0,0,0,'2023-11-20 22:26:37',NULL),(2717,567,127,0,0,0,'2023-11-20 22:20:27',NULL),(2716,567,94,2500,398,1,'2023-11-20 22:13:35','2023-11-20 23:20:14'),(2715,567,130,4875,62,1,'2023-11-20 22:11:38','2023-11-20 23:12:41'),(2714,605,129,0,0,0,'2023-11-20 20:18:58',NULL),(2713,605,94,8000,117,1,'2023-11-20 20:16:47','2023-11-20 21:18:45'),(2712,605,129,0,0,0,'2023-11-20 20:16:17',NULL),(2711,616,129,2000,1153,0,'2023-11-20 20:12:52','2023-11-20 21:32:06'),(2710,605,94,3000,151,1,'2023-11-20 20:12:37','2023-11-20 21:15:09'),(2709,616,129,0,0,0,'2023-11-20 20:11:59',NULL),(2708,605,94,7800,209,1,'2023-11-20 20:09:01','2023-11-20 21:12:31'),(2707,605,94,7800,1058,1,'2023-11-20 19:51:10','2023-11-20 21:08:48'),(2706,584,129,6000,115,1,'2023-11-20 19:18:24','2023-11-20 20:20:20'),(2705,562,129,0,0,0,'2023-11-20 19:16:05',NULL),(2704,584,129,6000,699,1,'2023-11-20 19:06:27','2023-11-20 20:18:06'),(2703,584,127,7874,427,1,'2023-11-20 18:56:58','2023-11-20 20:04:06'),(2702,584,94,2500,27,1,'2023-11-20 18:56:26','2023-11-20 19:56:54'),(2701,584,127,0,0,0,'2023-11-20 18:41:53',NULL),(2700,584,127,0,0,0,'2023-11-20 18:38:20',NULL),(2699,618,129,5500,2007,0,'2023-11-20 18:35:39','2023-11-20 20:09:06'),(2698,618,129,0,0,0,'2023-11-20 18:31:58',NULL),(2697,584,129,4500,544,0,'2023-11-20 18:28:18','2023-11-20 19:37:22'),(2696,584,129,1500,330,0,'2023-11-20 18:22:39','2023-11-20 19:28:09'),(2695,584,129,500,268,0,'2023-11-20 18:17:56','2023-11-20 19:22:25'),(2694,584,127,0,0,0,'2023-11-20 18:14:06',NULL),(2693,618,129,3500,1329,0,'2023-11-20 18:09:09','2023-11-20 19:31:19'),(2692,618,129,1500,151,0,'2023-11-20 18:05:40','2023-11-20 19:08:12'),(2691,618,129,500,181,0,'2023-11-20 18:00:59','2023-11-20 19:04:00'),(2690,618,129,500,159,0,'2023-11-20 17:57:35','2023-11-20 19:00:15'),(2689,695,94,8000,105,1,'2023-11-20 17:31:13','2023-11-20 18:32:58'),(2688,695,129,0,150,0,'2023-11-20 17:27:31','2023-11-20 18:30:02'),(2687,695,129,0,0,0,'2023-11-20 16:48:48',NULL),(2686,580,130,0,0,0,'2023-11-20 16:40:51',NULL),(2685,580,109,2400,255,1,'2023-11-20 16:36:27','2023-11-20 17:40:42'),(2684,580,109,2400,92,0,'2023-11-20 16:34:48','2023-11-20 17:36:21'),(2683,580,94,8000,75,1,'2023-11-20 16:33:26','2023-11-20 17:34:42'),(2682,618,129,0,328,0,'2023-11-20 16:33:11','2023-11-20 17:38:39'),(2681,572,127,6743,274,1,'2023-11-20 16:27:59','2023-11-20 17:32:34'),(2680,618,129,0,273,0,'2023-11-20 16:27:09','2023-11-20 17:31:42'),(2679,572,127,6195,340,1,'2023-11-20 16:22:12','2023-11-20 17:27:53'),(2678,625,129,0,7,0,'2023-11-20 16:15:48','2023-11-20 17:15:55'),(2677,572,129,0,435,0,'2023-11-20 16:14:00','2023-11-20 17:21:16'),(2676,572,129,0,0,0,'2023-11-20 16:12:48',NULL),(2675,608,129,0,259,0,'2023-11-20 16:09:07','2023-11-20 17:13:26'),(2674,572,127,6158,270,1,'2023-11-20 16:07:17','2023-11-20 17:11:49'),(2673,596,94,4500,360,1,'2023-11-20 16:06:20','2023-11-20 17:12:22'),(2672,602,94,3000,414,1,'2023-11-20 16:06:12','2023-11-20 17:13:06'),(2671,572,94,4800,71,1,'2023-11-20 16:05:56','2023-11-20 17:07:08'),(2670,596,94,1000,17,0,'2023-11-20 16:04:10','2023-11-20 17:04:29'),(2669,572,94,7800,107,1,'2023-11-20 16:03:58','2023-11-20 17:05:46'),(2668,602,94,2500,335,1,'2023-11-20 15:59:50','2023-11-20 17:05:27'),(2667,572,130,8000,987,1,'2023-11-20 15:47:24','2023-11-20 17:03:52'),(2666,572,130,0,0,0,'2023-11-20 15:42:12',NULL),(2665,572,94,7600,186,1,'2023-11-20 15:38:43','2023-11-20 16:41:51'),(2664,572,109,2400,302,1,'2023-11-20 15:33:32','2023-11-20 16:38:35'),(2663,611,127,0,79,0,'2023-11-20 15:31:20','2023-11-20 16:32:40'),(2662,611,130,2600,300,0,'2023-11-20 15:26:08','2023-11-20 16:31:10'),(2661,572,127,4696,536,1,'2023-11-20 15:24:11','2023-11-20 16:33:08'),(2660,608,129,0,11,0,'2023-11-20 15:05:39','2023-11-20 16:05:51'),(2659,567,130,0,0,0,'2023-11-20 14:32:09',NULL),(2658,567,127,5882,305,1,'2023-11-20 14:26:58','2023-11-20 15:32:04'),(2657,567,127,3814,281,0,'2023-11-20 14:20:54','2023-11-20 15:25:35'),(2656,567,109,2000,36,1,'2023-11-20 14:20:10','2023-11-20 15:20:47'),(2655,567,109,0,0,0,'2023-11-20 14:19:51',NULL),(2654,567,109,2400,280,0,'2023-11-20 14:15:02','2023-11-20 15:19:43'),(2653,567,94,4900,114,1,'2023-11-20 14:10:59','2023-11-20 15:12:53'),(2652,708,127,0,0,0,'2023-11-20 09:38:01',NULL),(2651,708,127,2000,243,0,'2023-11-20 09:33:00','2023-11-20 10:37:04'),(2650,708,127,0,0,0,'2023-11-20 09:31:59',NULL),(2649,708,130,0,0,0,'2023-11-20 09:30:27',NULL),(2648,708,127,0,0,0,'2023-11-20 09:29:57',NULL),(2647,708,109,0,72,1,'2023-11-20 09:28:08','2023-11-20 10:29:21'),(2646,708,127,663,179,0,'2023-11-20 09:23:22','2023-11-20 10:26:21'),(2645,581,127,7532,589,1,'2023-11-19 21:45:53','2023-11-19 22:55:43'),(2644,581,130,8000,239,1,'2023-11-19 21:41:24','2023-11-19 22:45:24'),(2643,581,109,0,0,0,'2023-11-19 21:41:13',NULL),(2642,581,109,2400,409,1,'2023-11-19 21:34:13','2023-11-19 22:41:03'),(2641,581,127,0,0,0,'2023-11-19 21:26:36',NULL),(2640,581,127,7371,501,1,'2023-11-19 21:17:29','2023-11-19 22:25:51'),(2639,581,109,1960,228,1,'2023-11-19 21:13:31','2023-11-19 22:17:20'),(2638,581,127,5003,387,1,'2023-11-19 21:05:31','2023-11-19 22:11:59'),(2637,581,94,8000,1282,1,'2023-11-19 20:43:49','2023-11-19 22:05:12'),(2636,616,109,2400,332,1,'2023-11-19 19:20:23','2023-11-19 20:25:56'),(2635,616,94,3000,35,1,'2023-11-19 19:14:10','2023-11-19 20:14:46'),(2634,616,94,7800,110,1,'2023-11-19 19:11:44','2023-11-19 20:13:34'),(2633,616,94,5900,181,1,'2023-11-19 19:08:22','2023-11-19 20:11:24'),(2632,616,94,7250,140,1,'2023-11-19 19:04:59','2023-11-19 20:07:20'),(2631,616,94,1500,121,1,'2023-11-19 19:00:27','2023-11-19 20:02:30'),(2630,569,127,0,0,0,'2023-11-19 16:22:31',NULL),(2629,569,130,8000,1008,1,'2023-11-19 16:04:52','2023-11-19 17:21:41'),(2628,569,130,0,0,0,'2023-11-19 15:49:55',NULL),(2627,573,127,0,36,0,'2023-11-17 22:26:25','2023-11-17 23:27:02'),(2626,573,109,800,98,0,'2023-11-17 22:23:49','2023-11-17 23:25:28'),(2625,573,94,7500,103,1,'2023-11-17 22:21:55','2023-11-17 23:23:40'),(2624,562,127,0,0,0,'2023-11-16 22:02:10',NULL),(2623,562,130,0,0,0,'2023-11-16 21:51:38',NULL),(2622,562,130,0,0,0,'2023-11-16 16:14:49',NULL),(2621,562,109,0,0,0,'2023-11-16 15:44:52',NULL),(2620,695,109,0,0,0,'2023-11-16 09:24:11',NULL),(2619,695,109,2000,149,1,'2023-11-16 09:20:06','2023-11-16 10:22:36'),(2618,695,109,0,0,0,'2023-11-16 09:19:30',NULL),(2617,695,127,0,0,0,'2023-11-16 09:18:30',NULL),(2616,695,127,0,0,0,'2023-11-16 09:18:22',NULL),(2615,695,109,0,0,0,'2023-11-16 09:16:36',NULL),(2614,701,94,0,0,0,'2023-11-16 09:11:42',NULL),(2613,640,130,0,0,0,'2023-11-16 09:11:13',NULL),(2612,695,127,0,0,0,'2023-11-16 09:10:37',NULL),(2611,695,94,0,0,0,'2023-11-16 09:09:11',NULL),(2610,701,94,5000,115,1,'2023-11-16 09:08:42','2023-11-16 10:10:39'),(2609,701,127,0,0,0,'2023-11-16 09:08:23',NULL),(2608,695,127,0,0,0,'2023-11-16 09:08:18',NULL),(2607,695,127,0,0,0,'2023-11-16 09:06:20',NULL),(2606,701,127,0,0,0,'2023-11-16 09:06:06',NULL),(2605,594,94,2400,143,1,'2023-11-16 09:05:47','2023-11-16 10:08:11'),(2604,703,109,1440,297,0,'2023-11-16 08:40:16','2023-11-16 09:45:13'),(2603,572,127,0,102,0,'2023-11-15 17:32:31','2023-11-15 18:34:14'),(2602,572,130,0,0,0,'2023-11-15 17:29:59',NULL),(2601,653,127,0,1,0,'2023-11-15 17:10:51','2023-11-15 18:10:53'),(2600,649,109,800,79,0,'2023-11-15 17:09:33','2023-11-15 18:10:53'),(2599,562,127,0,0,0,'2023-11-15 17:08:20',NULL),(2598,569,94,2500,141,1,'2023-11-15 16:56:28','2023-11-15 17:58:51'),(2597,569,130,1450,203,0,'2023-11-15 16:53:01','2023-11-15 17:56:25'),(2596,569,130,0,0,0,'2023-11-15 16:32:16',NULL),(2595,584,127,0,0,0,'2023-11-15 16:26:24',NULL),(2594,584,127,0,0,0,'2023-11-15 16:17:32',NULL),(2593,584,127,0,0,0,'2023-11-15 16:06:43',NULL),(2592,584,127,0,0,0,'2023-11-15 15:52:25',NULL),(2591,584,94,8000,83,1,'2023-11-15 15:50:26','2023-11-15 16:51:49'),(2590,584,94,2500,64,1,'2023-11-15 15:48:53','2023-11-15 16:49:57'),(2589,584,94,7450,166,1,'2023-11-15 15:45:45','2023-11-15 16:48:31'),(2588,584,94,6350,165,1,'2023-11-15 15:42:13','2023-11-15 16:44:58'),(2587,569,127,0,1,0,'2023-11-15 15:08:19','2023-11-15 16:08:20'),(2586,664,94,2500,160,0,'2023-11-15 14:42:50','2023-11-15 15:45:31'),(2585,664,127,0,0,0,'2023-11-15 14:41:22',NULL),(2584,652,94,8000,57,1,'2023-11-15 13:47:59','2023-11-15 14:48:56'),(2583,652,94,5000,303,1,'2023-11-15 13:42:42','2023-11-15 14:47:46'),(2582,652,94,2400,317,1,'2023-11-15 13:35:09','2023-11-15 14:40:26'),(2581,652,94,5500,344,1,'2023-11-15 13:28:55','2023-11-15 14:34:39'),(2580,652,127,8000,485,1,'2023-11-15 13:20:09','2023-11-15 14:28:15'),(2579,652,109,2400,22,1,'2023-11-15 13:18:23','2023-11-15 14:18:46'),(2578,652,109,0,0,0,'2023-11-15 13:17:58',NULL),(2577,652,109,2400,48,1,'2023-11-15 13:16:48','2023-11-15 14:17:36'),(2576,652,109,1960,125,1,'2023-11-15 13:14:01','2023-11-15 14:16:07'),(2575,598,94,0,0,0,'2023-11-15 10:45:19',NULL),(2574,598,94,0,0,0,'2023-11-15 10:45:05',NULL),(2573,598,94,2300,170,1,'2023-11-15 10:41:58','2023-11-15 11:44:48'),(2572,584,94,4850,802,1,'2023-11-15 10:38:37','2023-11-15 11:52:00'),(2571,598,94,4900,176,1,'2023-11-15 10:37:30','2023-11-15 11:40:27'),(2570,598,94,0,0,0,'2023-11-15 10:37:15',NULL),(2569,598,94,6200,413,1,'2023-11-15 10:29:48','2023-11-15 11:36:42'),(2568,598,94,0,40,0,'2023-11-15 10:28:34','2023-11-15 11:29:15'),(2567,655,94,2200,69,1,'2023-11-15 10:05:12','2023-11-15 11:06:21'),(2566,655,94,7300,168,1,'2023-11-15 10:02:16','2023-11-15 11:05:05'),(2565,655,94,7050,180,1,'2023-11-15 09:24:24','2023-11-15 10:27:25'),(2564,655,94,0,0,0,'2023-11-15 09:22:06',NULL),(2563,602,94,0,0,0,'2023-11-15 09:17:07',NULL),(2562,664,94,0,0,0,'2023-11-15 09:17:03',NULL),(2561,655,94,5500,337,1,'2023-11-15 09:16:14','2023-11-15 10:21:52'),(2560,616,94,4700,167,1,'2023-11-14 22:30:27','2023-11-14 23:33:15'),(2559,573,130,1400,219,0,'2023-11-14 21:58:50','2023-11-14 23:02:30'),(2558,573,94,7400,106,1,'2023-11-14 21:56:20','2023-11-14 22:58:06'),(2557,573,94,6000,140,1,'2023-11-14 21:53:55','2023-11-14 22:56:15'),(2556,573,94,2500,39,1,'2023-11-14 21:52:33','2023-11-14 22:53:13'),(2555,573,127,0,3,0,'2023-11-14 21:51:49','2023-11-14 22:51:52'),(2554,573,94,7100,152,1,'2023-11-14 21:49:07','2023-11-14 22:51:39'),(2553,573,94,7700,201,1,'2023-11-14 21:45:35','2023-11-14 22:48:57'),(2552,660,94,1000,105,0,'2023-11-14 17:42:25','2023-11-14 18:44:11'),(2551,597,130,0,0,0,'2023-11-14 17:37:23',NULL),(2550,653,130,2975,325,0,'2023-11-14 16:55:31','2023-11-14 18:00:57'),(2549,653,94,8000,137,1,'2023-11-14 16:52:58','2023-11-14 17:55:15'),(2548,695,109,0,0,0,'2023-11-14 16:52:13',NULL),(2547,700,130,0,0,0,'2023-11-14 16:49:05',NULL),(2546,605,130,0,0,0,'2023-11-14 16:48:42',NULL),(2545,695,109,880,123,1,'2023-11-14 16:47:15','2023-11-14 17:49:19'),(2544,698,127,0,0,0,'2023-11-14 16:46:56',NULL),(2543,695,94,8000,95,1,'2023-11-14 16:43:03','2023-11-14 17:44:39'),(2542,698,127,0,0,0,'2023-11-14 16:42:55',NULL),(2541,695,94,0,68,1,'2023-11-14 16:40:59','2023-11-14 17:42:08'),(2540,698,130,0,0,0,'2023-11-14 16:38:31',NULL),(2539,700,127,5905,666,1,'2023-11-14 16:37:29','2023-11-14 17:48:36'),(2538,700,94,7000,107,1,'2023-11-14 16:35:32','2023-11-14 17:37:20'),(2537,698,130,0,0,0,'2023-11-14 16:31:53',NULL),(2536,695,94,4000,1170,1,'2023-11-14 16:19:42','2023-11-14 17:39:13'),(2535,698,94,900,885,1,'2023-11-14 16:16:10','2023-11-14 17:30:56'),(2534,594,127,720,131,0,'2023-11-14 15:44:56','2023-11-14 16:47:07'),(2533,698,127,4438,2311,1,'2023-11-14 15:30:44','2023-11-14 17:09:15'),(2532,695,94,0,49,1,'2023-11-14 15:30:28','2023-11-14 16:31:18'),(2531,695,94,3000,452,1,'2023-11-14 15:18:08','2023-11-14 16:25:41'),(2530,695,94,6600,141,1,'2023-11-14 15:12:38','2023-11-14 16:14:57'),(2529,695,94,0,34,0,'2023-11-14 15:06:02','2023-11-14 16:06:37'),(2528,698,94,0,0,0,'2023-11-14 15:04:06',NULL),(2527,691,127,8000,778,1,'2023-11-14 14:07:50','2023-11-14 15:20:48'),(2526,691,127,0,0,0,'2023-11-14 14:05:41',NULL),(2525,691,94,8000,128,1,'2023-11-14 14:02:44','2023-11-14 15:04:53'),(2524,691,94,2500,193,1,'2023-11-14 13:59:07','2023-11-14 15:02:21'),(2523,691,94,2500,44,1,'2023-11-14 13:57:31','2023-11-14 14:58:16'),(2522,691,94,5050,416,1,'2023-11-14 13:49:54','2023-11-14 14:56:52'),(2521,691,94,1000,221,0,'2023-11-14 13:45:12','2023-11-14 14:48:54'),(2520,667,109,0,0,0,'2023-11-14 11:14:55',NULL),(2519,590,94,650,243,0,'2023-11-14 10:56:27','2023-11-14 12:00:32'),(2518,590,127,6667,1616,1,'2023-11-14 10:28:09','2023-11-14 11:55:10'),(2517,700,94,0,295,0,'2023-11-14 10:22:10','2023-11-14 11:27:06'),(2516,701,94,0,0,0,'2023-11-14 10:21:03',NULL),(2515,701,94,0,39,1,'2023-11-14 10:19:55','2023-11-14 11:20:35'),(2514,701,94,0,132,1,'2023-11-14 10:16:59','2023-11-14 11:19:13'),(2513,590,130,2425,728,0,'2023-11-14 10:15:37','2023-11-14 11:27:46'),(2512,700,127,0,0,0,'2023-11-14 10:15:21','2023-11-14 11:15:22'),(2511,701,94,0,81,0,'2023-11-14 10:15:14','2023-11-14 11:16:36'),(2510,701,94,0,0,0,'2023-11-14 10:14:39',NULL),(2509,700,127,0,2,0,'2023-11-14 10:14:09','2023-11-14 11:14:12'),(2508,701,94,0,0,0,'2023-11-14 10:13:59',NULL),(2507,701,127,0,0,0,'2023-11-14 10:13:36',NULL),(2506,590,109,0,0,0,'2023-11-14 10:13:20',NULL),(2505,594,127,0,98,0,'2023-11-14 08:13:44','2023-11-14 09:15:23'),(2504,616,94,2500,230,1,'2023-11-13 16:49:08','2023-11-13 17:52:58'),(2503,618,94,2500,435,1,'2023-11-13 16:27:28','2023-11-13 17:34:43'),(2502,598,130,8000,10,1,'2023-11-13 16:26:02','2023-11-13 17:26:13'),(2501,618,94,0,0,0,'2023-11-13 16:25:27',NULL),(2500,618,94,0,0,0,'2023-11-13 16:24:21',NULL),(2499,608,127,0,0,0,'2023-11-13 16:22:06',NULL),(2498,608,109,0,0,0,'2023-11-13 16:21:57',NULL),(2497,618,109,0,0,0,'2023-11-13 16:21:17',NULL),(2496,608,94,2100,87,1,'2023-11-13 16:20:09','2023-11-13 17:21:37'),(2495,608,130,0,0,0,'2023-11-13 16:19:54',NULL),(2494,618,109,0,130,1,'2023-11-13 16:18:08','2023-11-13 17:20:19'),(2493,608,127,0,0,0,'2023-11-13 16:17:30',NULL),(2492,618,94,0,126,0,'2023-11-13 16:14:23','2023-11-13 17:16:31'),(2491,598,130,0,0,0,'2023-11-13 15:55:00',NULL),(2490,618,127,3962,1241,0,'2023-11-13 15:52:56','2023-11-13 17:13:38'),(2489,598,127,6544,625,1,'2023-11-13 15:42:32','2023-11-13 16:52:57'),(2488,598,127,5963,600,1,'2023-11-13 15:30:10','2023-11-13 16:40:10'),(2487,598,127,5499,546,1,'2023-11-13 15:19:52','2023-11-13 16:28:59'),(2486,598,127,0,90,0,'2023-11-13 15:17:34','2023-11-13 16:19:05'),(2485,608,94,5500,650,1,'2023-11-13 15:15:39','2023-11-13 16:26:29'),(2484,598,127,0,15,0,'2023-11-13 10:37:16','2023-11-13 11:37:32'),(2483,652,127,8000,1792,1,'2023-11-11 17:52:20','2023-11-11 19:22:13'),(2482,652,127,7759,571,1,'2023-11-11 17:40:29','2023-11-11 18:50:00'),(2481,652,127,0,0,0,'2023-11-11 17:37:34',NULL),(2480,652,127,0,0,0,'2023-11-11 17:34:40',NULL),(2479,652,127,0,0,0,'2023-11-11 17:31:03',NULL),(2478,652,127,0,0,0,'2023-11-11 17:23:52',NULL),(2477,584,127,7490,427,1,'2023-11-11 12:02:32','2023-11-11 13:09:40'),(2476,584,127,0,0,0,'2023-11-11 11:58:06',NULL),(2475,584,127,7060,263,1,'2023-11-11 11:53:15','2023-11-11 12:57:39'),(2474,584,127,0,0,0,'2023-11-11 11:50:56',NULL),(2473,584,109,0,0,0,'2023-11-11 11:49:16',NULL),(2472,695,127,0,0,0,'2023-11-10 20:42:29',NULL),(2471,695,127,5525,365,1,'2023-11-10 20:34:27','2023-11-10 21:40:33'),(2470,695,127,5027,498,1,'2023-11-10 20:01:53','2023-11-10 21:10:11'),(2469,655,127,0,0,0,'2023-11-10 14:51:28',NULL),(2468,691,127,0,0,0,'2023-11-10 14:13:52',NULL),(2467,691,127,0,0,0,'2023-11-10 14:01:13',NULL),(2466,691,127,0,0,0,'2023-11-10 13:54:37',NULL),(2465,691,109,2400,293,1,'2023-11-10 13:49:09','2023-11-10 14:54:02'),(2464,655,127,0,0,0,'2023-11-10 07:22:06',NULL),(2463,655,127,0,0,0,'2023-11-10 07:21:32',NULL),(2462,602,127,6591,907,1,'2023-11-09 09:32:46','2023-11-09 10:47:54'),(2461,655,127,0,0,0,'2023-11-08 18:18:52',NULL),(2460,655,130,0,0,0,'2023-11-08 18:09:12',NULL),(2459,652,127,7452,379,1,'2023-11-08 16:08:37','2023-11-08 17:14:57'),(2458,652,127,7160,286,1,'2023-11-08 16:03:25','2023-11-08 17:08:11'),(2457,616,127,5219,365,1,'2023-11-08 15:29:21','2023-11-08 16:35:27'),(2456,562,127,0,0,0,'2023-11-08 15:26:31',NULL),(2455,616,127,3054,390,0,'2023-11-08 15:22:00','2023-11-08 16:28:31'),(2454,616,127,1661,466,0,'2023-11-08 15:13:29','2023-11-08 16:21:15'),(2453,596,127,122,142,0,'2023-11-08 15:09:29','2023-11-08 16:11:54'),(2452,602,127,0,1,0,'2023-11-08 15:08:58','2023-11-08 16:08:59'),(2451,650,130,7575,1432,1,'2023-11-08 15:08:00','2023-11-08 16:31:52'),(2450,650,130,0,0,0,'2023-11-08 14:53:39',NULL),(2449,584,127,0,0,0,'2023-11-08 11:49:49',NULL),(2448,584,109,0,0,0,'2023-11-08 11:49:29',NULL),(2447,584,127,6371,327,1,'2023-11-08 11:43:24','2023-11-08 12:48:51'),(2446,584,127,5787,455,1,'2023-11-08 11:35:18','2023-11-08 12:42:54'),(2445,584,127,1540,262,0,'2023-11-08 11:30:20','2023-11-08 12:34:42'),(2444,650,130,0,0,0,'2023-11-08 10:26:05',NULL),(2443,650,130,0,0,0,'2023-11-08 10:24:46',NULL),(2442,650,109,0,0,0,'2023-11-08 10:24:36',NULL),(2441,650,130,0,0,0,'2023-11-08 10:22:55',NULL),(2440,650,127,4877,563,1,'2023-11-08 10:13:04','2023-11-08 11:22:28'),(2439,650,109,0,0,0,'2023-11-08 10:12:48',NULL),(2438,650,130,0,0,0,'2023-11-08 10:11:37',NULL),(2437,650,130,0,0,0,'2023-11-08 10:10:56',NULL),(2436,655,130,0,0,0,'2023-11-08 09:35:54',NULL),(2435,664,130,0,0,0,'2023-11-08 09:27:43',NULL),(2434,664,127,0,0,0,'2023-11-08 09:27:32',NULL),(2433,664,127,0,0,0,'2023-11-08 09:26:14',NULL),(2432,655,127,6019,484,1,'2023-11-08 09:26:03','2023-11-08 10:34:11'),(2431,655,130,3550,100,0,'2023-11-08 09:24:15','2023-11-08 10:25:57'),(2430,655,130,0,0,0,'2023-11-08 08:25:25',NULL),(2429,691,109,0,0,0,'2023-11-08 06:55:37',NULL),(2428,664,127,5700,601,1,'2023-11-07 17:30:46','2023-11-07 18:40:47'),(2427,664,127,4819,644,1,'2023-11-07 17:19:25','2023-11-07 18:30:10'),(2426,664,130,4100,262,1,'2023-11-07 17:15:01','2023-11-07 18:19:24'),(2425,691,127,0,0,0,'2023-11-07 16:49:45',NULL),(2424,691,127,0,0,0,'2023-11-07 16:44:15',NULL),(2423,691,127,7103,288,1,'2023-11-07 16:39:07','2023-11-07 17:43:55'),(2422,691,127,5479,252,1,'2023-11-07 16:34:05','2023-11-07 17:38:18'),(2421,691,127,0,0,0,'2023-11-07 16:33:53',NULL),(2420,691,127,5449,327,1,'2023-11-07 16:28:04','2023-11-07 17:33:32'),(2419,691,127,945,110,0,'2023-11-07 16:23:55','2023-11-07 17:25:45'),(2418,655,127,0,90,0,'2023-11-07 16:23:04','2023-11-07 17:24:35'),(2417,655,130,2450,150,0,'2023-11-07 16:20:26','2023-11-07 17:22:57'),(2416,691,127,466,165,0,'2023-11-07 16:20:20','2023-11-07 17:23:05'),(2415,691,127,406,156,0,'2023-11-07 16:16:48','2023-11-07 17:19:25'),(2414,655,130,0,0,0,'2023-11-07 16:11:06',NULL),(2413,584,127,0,159,0,'2023-11-07 15:47:12','2023-11-07 16:49:52'),(2412,652,127,6384,422,1,'2023-11-07 10:24:02','2023-11-07 11:31:05'),(2411,652,127,0,0,0,'2023-11-07 10:23:41',NULL),(2410,652,127,6303,731,1,'2023-11-07 10:10:58','2023-11-07 11:23:10'),(2409,652,127,2784,1083,0,'2023-11-07 09:52:35','2023-11-07 11:10:38'),(2408,695,127,0,0,0,'2023-11-06 18:35:40',NULL),(2407,695,127,0,0,0,'2023-11-06 18:29:58',NULL),(2406,695,127,4983,282,1,'2023-11-06 18:24:59','2023-11-06 19:29:42'),(2405,695,127,0,0,0,'2023-11-06 16:38:48',NULL),(2404,695,127,0,0,0,'2023-11-06 16:38:33',NULL),(2403,695,127,0,0,0,'2023-11-06 16:35:23',NULL),(2402,695,127,0,0,0,'2023-11-06 16:34:21',NULL),(2401,695,127,4633,750,1,'2023-11-06 16:20:38','2023-11-06 17:33:09'),(2400,695,127,0,0,0,'2023-11-06 16:19:07','2023-11-06 17:19:08'),(2399,695,127,0,0,0,'2023-11-06 16:18:49',NULL),(2398,608,127,0,0,0,'2023-11-06 16:17:40',NULL),(2397,608,127,3555,501,0,'2023-11-06 16:05:32','2023-11-06 17:13:53'),(2396,608,127,2070,266,0,'2023-11-06 15:59:58','2023-11-06 17:04:25'),(2395,701,127,1646,258,0,'2023-11-06 15:56:05','2023-11-06 17:00:23'),(2394,608,127,1889,509,0,'2023-11-06 15:48:41','2023-11-06 16:57:10'),(2393,652,127,0,0,0,'2023-11-06 13:13:59',NULL),(2392,584,109,2400,350,1,'2023-11-04 16:17:49','2023-11-04 17:23:40'),(2391,584,130,8000,256,1,'2023-11-04 16:12:59','2023-11-04 17:17:15'),(2390,584,130,6100,1876,1,'2023-11-04 15:41:06','2023-11-04 17:12:23'),(2389,656,130,8000,1443,1,'2023-11-04 11:45:42','2023-11-04 13:09:45'),(2388,656,109,0,0,0,'2023-11-04 11:45:32',NULL),(2387,581,130,7450,1636,1,'2023-11-01 17:19:47','2023-11-01 18:47:04'),(2386,698,130,0,0,0,'2023-10-31 15:17:41',NULL),(2385,698,109,0,0,0,'2023-10-31 15:17:32',NULL),(2384,698,109,0,0,0,'2023-10-31 15:16:00',NULL),(2383,698,130,0,0,0,'2023-10-31 15:03:49',NULL),(2382,616,130,0,0,0,'2023-10-30 16:39:51',NULL),(2381,608,130,0,0,0,'2023-10-30 16:03:42',NULL),(2380,608,130,5800,308,1,'2023-10-30 15:58:27','2023-10-30 17:03:36'),(2379,608,130,0,0,0,'2023-10-30 15:53:18',NULL),(2378,608,109,0,0,0,'2023-10-30 15:53:05',NULL),(2377,608,109,0,0,0,'2023-10-30 15:52:49',NULL),(2376,612,130,0,0,0,'2023-10-30 15:45:38',NULL),(2375,612,109,0,0,0,'2023-10-30 15:43:08',NULL),(2374,612,130,0,0,0,'2023-10-30 15:26:29',NULL),(2373,608,130,0,0,0,'2023-10-30 15:24:36',NULL),(2372,691,109,0,0,0,'2023-10-30 12:19:23',NULL),(2371,588,130,0,0,0,'2023-10-29 20:30:48',NULL),(2370,657,130,0,0,0,'2023-10-29 16:50:51',NULL),(2369,588,130,0,0,0,'2023-10-28 15:19:14',NULL),(2368,588,130,0,0,0,'2023-10-28 15:18:45',NULL),(2367,588,130,0,0,0,'2023-10-28 15:17:15',NULL),(2366,588,130,0,0,0,'2023-10-28 15:16:50',NULL),(2365,588,130,0,0,0,'2023-10-28 15:16:21',NULL),(2364,588,130,0,0,0,'2023-10-28 15:10:32',NULL),(2363,588,130,0,0,0,'2023-10-28 15:03:37',NULL),(2362,588,130,0,0,0,'2023-10-28 14:49:53',NULL),(2361,588,130,0,0,0,'2023-10-28 14:43:25',NULL),(2360,588,130,0,0,0,'2023-10-28 14:37:48',NULL),(2359,698,130,0,0,0,'2023-10-28 10:37:45',NULL),(2358,698,109,0,0,0,'2023-10-28 10:35:25',NULL),(2357,700,109,1520,448,1,'2023-10-28 10:33:39','2023-10-28 12:41:08'),(2356,700,130,5600,305,1,'2023-10-28 10:28:30','2023-10-28 12:33:36'),(2355,700,130,0,0,0,'2023-10-28 10:18:19',NULL),(2354,636,109,0,0,0,'2023-10-27 05:14:36',NULL),(2353,636,130,0,0,0,'2023-10-27 05:05:35',NULL),(2352,636,109,0,48,1,'2023-10-27 05:04:08','2023-10-27 07:04:57'),(2351,591,130,2875,780,0,'2023-10-26 20:17:19','2023-10-26 22:30:20'),(2350,695,109,2400,297,1,'2023-10-26 20:14:21','2023-10-26 22:19:19'),(2349,591,130,300,335,0,'2023-10-26 20:11:38','2023-10-26 22:17:14'),(2348,695,130,8000,8,1,'2023-10-26 16:43:51','2023-10-26 18:43:59'),(2347,695,130,0,0,0,'2023-10-26 16:42:38',NULL),(2346,695,130,0,0,0,'2023-10-26 16:29:24',NULL),(2345,695,130,0,0,0,'2023-10-26 15:53:10',NULL),(2344,701,109,0,0,0,'2023-10-26 08:50:14',NULL),(2343,701,109,2400,136,1,'2023-10-26 08:47:32','2023-10-26 10:49:49'),(2342,701,109,2000,305,1,'2023-10-26 08:42:14','2023-10-26 10:47:20'),(2341,695,130,0,0,0,'2023-10-26 08:40:45',NULL),(2340,701,109,880,415,1,'2023-10-26 08:35:11','2023-10-26 10:42:06'),(2339,701,109,0,0,0,'2023-10-26 08:34:40',NULL),(2338,701,109,0,0,0,'2023-10-26 08:34:09',NULL),(2337,695,109,2400,347,1,'2023-10-26 08:33:45','2023-10-26 10:39:33'),(2336,695,130,0,0,0,'2023-10-26 08:32:58',NULL),(2335,701,109,800,110,1,'2023-10-26 08:32:06','2023-10-26 10:33:57'),(2334,695,130,0,0,0,'2023-10-26 08:10:37',NULL),(2333,701,109,0,0,0,'2023-10-26 08:05:17',NULL),(2332,701,109,0,0,0,'2023-10-26 08:04:59',NULL),(2331,701,109,1920,355,1,'2023-10-26 07:58:40','2023-10-26 10:04:36'),(2330,695,130,0,0,0,'2023-10-26 07:58:10',NULL),(2329,695,130,0,0,0,'2023-10-26 07:53:28',NULL),(2328,695,130,0,0,0,'2023-10-26 07:50:45',NULL),(2327,701,130,8000,591,1,'2023-10-26 07:47:05','2023-10-26 09:56:56'),(2326,701,130,0,0,0,'2023-10-26 07:45:13',NULL),(2325,695,130,0,0,0,'2023-10-26 07:41:48',NULL),(2324,701,130,0,0,0,'2023-10-26 07:41:14',NULL),(2323,701,130,0,0,0,'2023-10-26 07:38:44',NULL),(2322,701,130,0,0,0,'2023-10-26 07:37:35',NULL),(2321,695,109,2400,144,1,'2023-10-26 07:37:21','2023-10-26 09:39:45'),(2320,701,130,0,0,0,'2023-10-26 07:36:47',NULL),(2319,701,109,0,0,0,'2023-10-26 07:36:29',NULL),(2318,695,109,1600,50,1,'2023-10-26 07:35:51','2023-10-26 09:36:41'),(2317,695,109,640,32,1,'2023-10-26 07:34:57','2023-10-26 09:35:29'),(2316,701,130,0,0,0,'2023-10-26 07:33:38',NULL),(2315,695,109,1960,100,1,'2023-10-26 07:32:37','2023-10-26 09:34:18'),(2314,695,109,1520,210,1,'2023-10-26 07:28:16','2023-10-26 09:31:46'),(2313,695,109,1240,219,0,'2023-10-26 07:21:42','2023-10-26 09:25:23'),(2312,701,130,0,0,0,'2023-10-26 07:21:38',NULL),(2311,596,130,8000,793,1,'2023-10-25 19:14:46','2023-10-25 21:27:59'),(2310,562,130,0,0,0,'2023-10-25 16:09:14',NULL),(2309,664,130,0,0,0,'2023-10-25 16:08:42',NULL),(2308,586,130,0,0,0,'2023-10-25 14:04:45',NULL),(2307,691,109,800,402,1,'2023-10-25 11:38:25','2023-10-25 13:45:07'),(2306,691,130,0,0,0,'2023-10-25 09:53:51',NULL),(2305,619,109,0,0,0,'2023-10-24 23:27:48',NULL),(2304,652,109,0,0,0,'2023-10-24 22:08:26',NULL),(2303,616,109,1960,237,1,'2023-10-24 19:50:54','2023-10-24 21:54:55'),(2302,616,130,0,0,0,'2023-10-24 19:42:52',NULL),(2301,616,130,0,0,0,'2023-10-24 19:41:10',NULL),(2300,619,130,0,0,0,'2023-10-24 19:18:58',NULL),(2299,691,109,0,0,0,'2023-10-24 16:00:52',NULL),(2298,652,109,0,0,0,'2023-10-24 16:00:13',NULL),(2297,691,109,1600,127,1,'2023-10-24 15:58:35','2023-10-24 18:00:43'),(2296,652,130,8000,8,1,'2023-10-24 15:58:24','2023-10-24 17:58:32'),(2295,652,109,0,0,0,'2023-10-24 15:58:08',NULL),(2294,691,130,8000,88,1,'2023-10-24 15:56:24','2023-10-24 17:57:52'),(2293,695,109,800,31,0,'2023-10-24 15:46:17','2023-10-24 17:46:48'),(2292,691,130,6850,853,1,'2023-10-24 15:42:05','2023-10-24 17:56:18'),(2291,690,130,0,0,0,'2023-10-24 15:40:32',NULL),(2290,608,109,880,84,0,'2023-10-24 15:29:41','2023-10-24 17:31:06'),(2289,608,109,0,0,0,'2023-10-24 15:29:18',NULL),(2288,608,109,0,103,1,'2023-10-24 15:26:33','2023-10-24 17:28:17'),(2287,695,109,520,1781,0,'2023-10-24 15:16:15','2023-10-24 17:45:56'),(2286,608,130,0,0,0,'2023-10-24 15:15:12',NULL),(2285,695,109,0,0,0,'2023-10-24 15:07:53',NULL),(2284,619,130,0,0,0,'2023-10-24 14:39:28',NULL),(2283,702,130,0,0,0,'2023-10-24 14:27:12',NULL),(2282,691,109,0,0,0,'2023-10-24 14:22:00',NULL),(2281,691,109,0,0,0,'2023-10-24 14:21:47',NULL),(2280,695,130,0,0,0,'2023-10-24 14:18:36',NULL),(2279,690,130,0,0,0,'2023-10-24 14:18:17',NULL),(2278,699,130,100,184,0,'2023-10-24 14:17:52','2023-10-24 16:20:57'),(2277,698,130,0,0,0,'2023-10-24 14:17:47',NULL),(2276,694,130,0,0,0,'2023-10-24 14:17:46',NULL),(2275,699,109,0,0,0,'2023-10-24 14:17:44',NULL),(2274,710,130,0,0,0,'2023-10-24 14:17:37',NULL),(2273,697,130,0,0,0,'2023-10-24 14:17:27',NULL),(2272,707,109,880,155,0,'2023-10-24 14:17:13','2023-10-24 16:19:49'),(2271,697,109,0,0,0,'2023-10-24 14:17:01',NULL),(2270,619,130,0,0,0,'2023-10-24 14:16:54',NULL),(2269,562,130,0,0,0,'2023-10-24 14:16:53',NULL),(2268,694,109,0,62,1,'2023-10-24 14:16:31','2023-10-24 16:17:33'),(2267,701,109,0,0,0,'2023-10-24 14:15:44',NULL),(2266,704,109,0,0,0,'2023-10-24 14:15:43',NULL),(2265,699,109,0,0,0,'2023-10-24 14:15:41',NULL),(2264,619,109,0,57,1,'2023-10-24 14:15:37','2023-10-24 16:16:35'),(2263,562,109,0,0,0,'2023-10-24 14:15:33',NULL),(2262,700,109,0,0,0,'2023-10-24 14:15:20',NULL),(2261,690,109,0,132,1,'2023-10-24 14:15:11','2023-10-24 16:17:24'),(2260,704,130,0,0,0,'2023-10-24 14:14:57',NULL),(2259,698,109,0,145,1,'2023-10-24 14:14:55','2023-10-24 16:17:21'),(2258,697,109,0,0,0,'2023-10-24 14:14:55',NULL),(2257,705,109,0,121,1,'2023-10-24 14:14:55','2023-10-24 16:16:56'),(2256,710,109,0,65,1,'2023-10-24 14:14:49','2023-10-24 16:15:54'),(2255,562,109,0,0,0,'2023-10-24 14:14:47',NULL),(2254,706,130,0,0,0,'2023-10-24 14:13:25',NULL),(2253,694,130,0,0,0,'2023-10-24 14:12:50',NULL),(2252,710,130,0,0,0,'2023-10-24 14:12:13',NULL),(2251,707,130,0,0,0,'2023-10-24 14:11:45',NULL),(2250,709,130,0,0,0,'2023-10-24 14:11:44',NULL),(2249,706,109,0,63,1,'2023-10-24 14:11:32','2023-10-24 16:12:36'),(2248,710,109,0,0,0,'2023-10-24 14:11:24',NULL),(2247,702,130,0,0,0,'2023-10-24 14:10:38',NULL),(2246,690,130,450,278,0,'2023-10-24 14:10:26','2023-10-24 16:15:05'),(2245,691,109,1520,578,1,'2023-10-24 14:10:23','2023-10-24 16:20:02'),(2244,619,130,0,0,0,'2023-10-24 14:10:23',NULL),(2243,709,109,0,98,1,'2023-10-24 14:09:59','2023-10-24 16:11:38'),(2242,706,130,0,0,0,'2023-10-24 14:09:50',NULL),(2241,652,109,0,0,0,'2023-10-24 09:30:22',NULL),(2240,652,109,2400,43,1,'2023-10-24 09:29:31','2023-10-24 11:30:15'),(2239,652,109,2400,328,1,'2023-10-24 09:23:50','2023-10-24 11:29:19'),(2238,588,130,0,0,0,'2023-10-24 09:10:43',NULL),(2237,596,130,0,0,0,'2023-10-24 09:03:04',NULL),(2236,652,130,8000,897,1,'2023-10-24 09:02:56','2023-10-24 11:17:54'),(2235,602,130,8000,173,1,'2023-10-24 08:39:49','2023-10-24 10:42:44'),(2234,602,109,800,36,1,'2023-10-24 08:37:57','2023-10-24 10:38:33'),(2233,602,109,0,0,0,'2023-10-24 08:37:39',NULL),(2232,602,130,8000,146,1,'2023-10-24 08:35:01','2023-10-24 10:37:28'),(2231,602,130,0,0,0,'2023-10-24 08:33:41',NULL),(2230,602,130,0,0,0,'2023-10-24 08:28:46',NULL),(2229,602,130,0,0,0,'2023-10-24 08:28:04',NULL),(2228,602,130,0,0,0,'2023-10-24 08:24:02',NULL),(2227,602,130,0,0,0,'2023-10-24 08:21:44',NULL),(2226,602,130,0,0,0,'2023-10-24 08:14:05',NULL),(2225,602,130,0,0,0,'2023-10-24 08:12:25',NULL),(2224,596,130,0,0,0,'2023-10-24 08:12:11',NULL),(2223,596,130,0,0,0,'2023-10-24 08:06:43',NULL),(2222,596,130,0,0,0,'2023-10-24 07:40:21',NULL),(2221,596,130,0,0,0,'2023-10-24 07:04:11',NULL),(2220,652,130,0,0,0,'2023-10-23 19:32:27',NULL),(2219,652,130,0,0,0,'2023-10-23 19:06:01',NULL),(2218,605,130,0,0,0,'2023-10-23 16:45:52',NULL),(2217,605,109,2400,568,1,'2023-10-23 16:36:10','2023-10-23 18:45:39'),(2216,664,130,0,0,0,'2023-10-23 15:40:03',NULL),(2215,664,109,2400,716,1,'2023-10-23 15:27:43','2023-10-23 17:39:40'),(2214,608,130,0,0,0,'2023-10-23 14:37:07',NULL),(2213,616,109,0,0,0,'2023-10-23 14:31:04',NULL),(2212,617,130,0,0,0,'2023-10-23 14:29:02',NULL),(2211,615,130,0,0,0,'2023-10-23 14:27:11',NULL),(2210,609,109,0,0,0,'2023-10-23 14:23:18',NULL),(2209,616,109,0,61,1,'2023-10-23 14:23:07','2023-10-23 16:24:09'),(2208,611,130,0,0,0,'2023-10-23 14:22:11',NULL),(2207,618,130,0,25,0,'2023-10-23 14:22:03','2023-10-23 16:22:28'),(2206,626,130,0,0,0,'2023-10-23 14:21:25',NULL),(2205,617,109,2400,432,1,'2023-10-23 14:21:12','2023-10-23 16:28:24'),(2204,621,109,0,99,1,'2023-10-23 14:20:54','2023-10-23 16:22:34'),(2203,606,130,0,0,0,'2023-10-23 14:20:49',NULL),(2202,618,109,0,0,0,'2023-10-23 14:20:42',NULL),(2201,614,109,0,118,1,'2023-10-23 14:19:36','2023-10-23 16:21:35'),(2200,618,109,0,0,0,'2023-10-23 14:19:33',NULL),(2199,613,109,0,55,1,'2023-10-23 14:19:30','2023-10-23 16:20:26'),(2198,616,130,1075,187,0,'2023-10-23 14:19:08','2023-10-23 16:22:16'),(2197,625,130,0,0,0,'2023-10-23 14:19:08',NULL),(2196,626,130,0,0,0,'2023-10-23 14:18:31',NULL),(2195,621,130,0,0,0,'2023-10-23 14:17:52',NULL),(2194,613,130,0,0,0,'2023-10-23 14:17:28',NULL),(2193,607,109,0,0,0,'2023-10-23 14:17:27',NULL),(2192,617,109,0,160,1,'2023-10-23 14:17:04','2023-10-23 16:19:45'),(2191,615,130,0,0,0,'2023-10-23 14:16:45',NULL),(2190,606,109,0,181,1,'2023-10-23 14:16:43','2023-10-23 16:19:44'),(2189,626,130,0,0,0,'2023-10-23 14:16:34',NULL),(2188,609,130,0,0,0,'2023-10-23 14:16:05',NULL),(2187,614,130,0,0,0,'2023-10-23 14:15:35',NULL),(2186,625,109,0,0,0,'2023-10-23 14:15:23',NULL),(2185,610,130,0,0,0,'2023-10-23 14:15:20',NULL),(2184,596,109,0,0,0,'2023-10-21 19:09:42',NULL),(2183,657,109,0,0,0,'2023-10-21 16:25:50',NULL),(2182,657,109,0,0,0,'2023-10-21 16:25:38',NULL),(2181,657,109,2400,31,1,'2023-10-21 16:24:37','2023-10-21 18:25:08'),(2180,657,109,1960,687,1,'2023-10-21 16:12:47','2023-10-21 18:24:14'),(2179,657,109,1200,168,0,'2023-10-21 16:09:11','2023-10-21 18:12:00'),(2178,657,109,520,84,0,'2023-10-21 16:07:18','2023-10-21 18:08:43'),(2177,596,109,1520,133,1,'2023-10-19 14:03:30','2023-10-19 16:05:44'),(2176,652,109,0,0,0,'2023-10-18 11:18:26',NULL),(2175,588,109,2400,63,1,'2023-10-17 22:10:26','2023-10-18 00:11:29'),(2174,588,109,2400,190,1,'2023-10-17 22:06:57','2023-10-18 00:10:08'),(2173,588,109,0,0,0,'2023-10-17 22:06:24',NULL),(2172,663,109,1520,76,1,'2023-10-17 17:02:19','2023-10-17 19:03:36'),(2171,602,109,0,0,0,'2023-10-17 14:19:54',NULL),(2170,596,109,1520,32,1,'2023-10-17 14:18:45','2023-10-17 16:19:18'),(2169,656,109,2400,85,1,'2023-10-17 13:21:03','2023-10-17 15:22:29'),(2168,656,109,1960,34,1,'2023-10-17 13:20:03','2023-10-17 15:20:37'),(2167,656,109,1520,31,1,'2023-10-17 13:19:04','2023-10-17 15:19:35'),(2166,656,109,2160,225,1,'2023-10-17 13:14:39','2023-10-17 15:18:25'),(2165,656,109,2400,38,0,'2023-10-17 13:13:42','2023-10-17 15:14:21'),(2164,656,109,2000,285,0,'2023-10-17 13:07:49','2023-10-17 15:12:35'),(2163,652,109,2400,612,1,'2023-10-17 11:42:49','2023-10-17 13:53:02'),(2162,602,109,0,0,0,'2023-10-17 09:46:08',NULL),(2161,602,109,2400,1429,1,'2023-10-17 09:21:39','2023-10-17 11:45:29'),(2160,602,109,2400,292,1,'2023-10-17 09:16:21','2023-10-17 11:21:14'),(2159,602,109,0,0,0,'2023-10-17 08:02:55',NULL),(2158,588,109,2400,336,1,'2023-10-16 23:25:20','2023-10-17 01:30:57'),(2157,596,109,2400,74,1,'2023-10-16 19:08:53','2023-10-16 21:10:07'),(2156,562,109,0,0,0,'2023-10-16 18:01:40',NULL),(2155,630,109,0,68,1,'2023-10-16 18:01:15','2023-10-16 20:02:23'),(2154,562,109,0,0,0,'2023-10-16 18:00:55',NULL),(2153,633,109,0,57,1,'2023-10-16 18:00:54','2023-10-16 20:01:52'),(2152,596,109,2400,296,1,'2023-10-16 17:51:24','2023-10-16 19:56:21'),(2151,590,109,1440,2897,0,'2023-10-16 17:43:54','2023-10-16 20:32:11'),(2150,590,109,0,69,1,'2023-10-16 16:31:41','2023-10-16 18:32:51'),(2149,588,109,2400,372,1,'2023-10-16 14:50:52','2023-10-16 16:57:05'),(2148,588,109,1960,380,1,'2023-10-16 14:40:38','2023-10-16 16:47:00'),(2147,588,109,2400,201,1,'2023-10-16 14:36:39','2023-10-16 16:40:01'),(2146,588,109,2400,256,1,'2023-10-16 14:31:36','2023-10-16 16:35:53'),(2145,588,109,2400,23,1,'2023-10-16 14:29:53','2023-10-16 16:30:17'),(2144,605,109,2400,501,1,'2023-10-16 14:24:44','2023-10-16 16:33:06'),(2143,588,109,2400,326,1,'2023-10-16 14:24:09','2023-10-16 16:29:36'),(2142,588,109,2400,233,1,'2023-10-16 14:19:59','2023-10-16 16:23:53'),(2141,602,109,2400,523,1,'2023-10-16 14:18:17','2023-10-16 16:27:01'),(2140,588,109,1960,640,1,'2023-10-16 14:07:49','2023-10-16 16:18:30'),(2139,591,109,2400,269,1,'2023-10-16 14:03:46','2023-10-16 16:08:15'),(2138,588,109,2400,291,1,'2023-10-16 14:02:27','2023-10-16 16:07:18'),(2137,591,109,2400,280,1,'2023-10-16 13:58:40','2023-10-16 16:03:21'),(2136,588,109,2400,230,1,'2023-10-16 13:57:56','2023-10-16 16:01:47'),(2135,591,109,0,0,0,'2023-10-16 13:56:40',NULL),(2134,588,109,1520,205,1,'2023-10-16 13:54:01','2023-10-16 15:57:27'),(2133,591,109,2400,250,1,'2023-10-16 13:52:00','2023-10-16 15:56:11'),(2132,591,109,2400,119,1,'2023-10-16 13:49:30','2023-10-16 15:51:30'),(2131,588,109,2400,333,1,'2023-10-16 13:47:14','2023-10-16 15:52:48'),(2130,591,109,2400,343,1,'2023-10-16 13:43:18','2023-10-16 15:49:02'),(2129,591,109,2400,147,1,'2023-10-16 13:40:07','2023-10-16 15:42:34'),(2128,588,109,2400,610,1,'2023-10-16 13:35:31','2023-10-16 15:45:42'),(2127,588,109,1520,347,1,'2023-10-16 13:29:00','2023-10-16 15:34:47'),(2126,588,109,2400,78,1,'2023-10-16 13:26:52','2023-10-16 15:28:10'),(2125,591,109,1520,949,1,'2023-10-16 13:23:40','2023-10-16 15:39:29'),(2124,588,109,2400,179,1,'2023-10-16 13:23:35','2023-10-16 15:26:35'),(2123,588,109,2400,102,1,'2023-10-16 13:21:31','2023-10-16 15:23:14'),(2122,588,109,2400,57,1,'2023-10-16 13:20:06','2023-10-16 15:21:04'),(2121,588,109,2400,208,1,'2023-10-16 13:16:19','2023-10-16 15:19:48'),(2120,602,109,2400,29,1,'2023-10-16 08:55:26','2023-10-16 10:55:55'),(2119,602,109,2400,23,1,'2023-10-16 08:47:53','2023-10-16 10:48:17'),(2118,602,109,0,0,0,'2023-10-16 08:47:11',NULL),(2117,596,109,0,0,0,'2023-10-16 08:47:07',NULL),(2116,588,109,1960,64,1,'2023-10-16 08:46:07','2023-10-16 10:47:12'),(2115,602,109,2400,105,1,'2023-10-16 08:44:24','2023-10-16 10:46:09'),(2114,588,109,2400,67,1,'2023-10-16 08:44:07','2023-10-16 10:45:15'),(2113,588,109,2400,118,1,'2023-10-16 08:41:33','2023-10-16 10:43:32'),(2112,602,109,2400,227,1,'2023-10-16 08:38:39','2023-10-16 10:42:27'),(2111,588,109,0,0,0,'2023-10-16 08:35:48',NULL),(2110,602,109,2400,184,1,'2023-10-16 08:34:57','2023-10-16 10:38:02'),(2109,596,109,2400,22,1,'2023-10-16 08:32:54','2023-10-16 10:33:17'),(2108,596,109,0,0,0,'2023-10-16 08:30:27',NULL),(2107,596,109,0,0,0,'2023-10-16 08:29:52',NULL),(2106,602,109,2400,350,1,'2023-10-16 08:28:42','2023-10-16 10:34:32'),(2105,596,109,0,0,0,'2023-10-16 08:24:20',NULL),(2104,588,109,2400,917,1,'2023-10-16 08:19:54','2023-10-16 10:35:12'),(2103,602,109,2400,707,1,'2023-10-16 08:15:13','2023-10-16 10:27:00'),(2102,588,109,2400,335,1,'2023-10-16 08:13:07','2023-10-16 10:18:43'),(2101,588,109,0,0,0,'2023-10-16 08:12:28',NULL),(2100,588,109,0,0,0,'2023-10-16 08:11:55',NULL),(2099,588,109,0,0,0,'2023-10-16 08:11:34',NULL),(2098,596,109,2400,62,1,'2023-10-16 08:10:47','2023-10-16 10:11:49'),(2097,588,109,0,0,0,'2023-10-16 08:10:37',NULL),(2096,596,109,2400,24,1,'2023-10-16 08:09:35','2023-10-16 10:10:00'),(2095,588,109,0,0,0,'2023-10-16 08:09:05',NULL),(2094,596,109,2400,35,1,'2023-10-16 08:08:40','2023-10-16 10:09:16'),(2093,596,109,2400,81,1,'2023-10-16 08:06:10','2023-10-16 10:07:32'),(2092,602,109,0,0,0,'2023-10-16 07:23:49',NULL),(2091,602,109,2400,35,1,'2023-10-16 07:23:04','2023-10-16 09:23:40'),(2090,602,109,2000,53,1,'2023-10-16 07:22:01','2023-10-16 09:22:55'),(2089,596,109,2400,176,1,'2023-10-16 07:18:57','2023-10-16 09:21:54'),(2088,602,109,1720,200,1,'2023-10-16 07:18:33','2023-10-16 09:21:53'),(2087,602,109,560,103,1,'2023-10-16 07:16:36','2023-10-16 09:18:20'),(2086,602,109,1520,376,1,'2023-10-16 07:09:57','2023-10-16 09:16:14'),(2085,596,109,0,0,0,'2023-10-16 07:09:05',NULL),(2084,596,109,0,0,0,'2023-10-16 07:08:44',NULL),(2083,581,109,2400,94,1,'2023-10-15 14:41:35','2023-10-15 16:43:09'),(2082,664,109,0,0,0,'2023-10-15 10:20:37',NULL),(2081,664,109,0,0,0,'2023-10-15 10:19:24',NULL),(2080,664,109,0,0,0,'2023-10-15 10:17:40',NULL),(2079,591,109,2000,162,1,'2023-10-15 09:43:51','2023-10-15 11:46:34'),(2078,594,109,1520,218,1,'2023-10-15 07:58:08','2023-10-15 10:01:47'),(2077,594,109,0,0,0,'2023-10-15 07:57:29',NULL),(2076,594,109,1680,548,1,'2023-10-15 07:47:57','2023-10-15 09:57:06'),(2075,598,109,1600,299,0,'2023-10-14 19:59:10','2023-10-14 22:04:10'),(2074,666,109,0,59,1,'2023-10-14 16:25:28','2023-10-14 18:26:27'),(2073,586,109,2400,35,1,'2023-10-14 14:39:39','2023-10-14 16:40:15'),(2072,586,109,0,0,0,'2023-10-14 14:39:02',NULL),(2071,586,109,0,0,0,'2023-10-14 14:38:03',NULL),(2070,586,109,0,0,0,'2023-10-14 13:44:26',NULL),(2069,581,109,1520,274,1,'2023-10-14 10:26:16','2023-10-14 12:30:50'),(2068,581,109,1960,192,1,'2023-10-14 10:21:59','2023-10-14 12:25:12'),(2067,581,109,1720,519,1,'2023-10-14 10:13:01','2023-10-14 12:21:41'),(2066,591,109,0,0,0,'2023-10-13 20:24:26',NULL),(2065,591,109,1960,426,1,'2023-10-13 20:17:08','2023-10-13 22:24:15'),(2064,591,109,0,0,0,'2023-10-13 20:13:23',NULL),(2063,588,109,0,0,0,'2023-10-13 16:39:14',NULL),(2062,588,109,0,0,0,'2023-10-12 17:18:19',NULL),(2061,663,109,2400,222,1,'2023-10-12 16:19:22','2023-10-12 18:23:04'),(2060,658,109,0,0,0,'2023-10-12 15:36:08',NULL),(2059,658,109,1200,334,0,'2023-10-12 15:29:10','2023-10-12 17:34:45'),(2058,658,109,0,0,0,'2023-10-12 15:06:31',NULL),(2057,663,109,2400,128,1,'2023-10-12 14:26:04','2023-10-12 16:28:12'),(2056,584,109,1600,134,1,'2023-10-12 10:54:05','2023-10-12 12:56:19'),(2055,584,109,1960,281,1,'2023-10-12 10:48:36','2023-10-12 12:53:18'),(2054,588,109,0,0,0,'2023-10-12 10:05:10',NULL),(2053,588,109,2400,26,1,'2023-10-12 10:03:15','2023-10-12 12:03:41'),(2052,588,109,0,0,0,'2023-10-12 10:00:00',NULL),(2051,588,109,2400,179,1,'2023-10-12 09:56:13','2023-10-12 11:59:12'),(2050,588,109,2400,31,1,'2023-10-12 09:54:39','2023-10-12 11:55:11'),(2049,588,109,2400,33,1,'2023-10-12 09:50:44','2023-10-12 11:51:18'),(2048,586,109,1200,213,1,'2023-10-12 09:49:05','2023-10-12 11:52:39'),(2047,588,109,2400,72,1,'2023-10-12 09:48:30','2023-10-12 11:49:43'),(2046,588,109,2160,66,1,'2023-10-12 09:47:02','2023-10-12 11:48:09'),(2045,588,109,1520,62,1,'2023-10-12 09:45:21','2023-10-12 11:46:23'),(2044,588,109,1960,67,1,'2023-10-12 09:43:48','2023-10-12 11:44:56'),(2043,588,109,1520,189,1,'2023-10-12 09:39:19','2023-10-12 11:42:29'),(2042,588,109,1960,35,1,'2023-10-12 09:37:34','2023-10-12 11:38:09'),(2041,588,109,880,45,1,'2023-10-12 09:36:17','2023-10-12 11:37:03'),(2040,588,109,1520,506,1,'2023-10-12 09:26:09','2023-10-12 11:34:35'),(2039,588,109,800,221,0,'2023-10-12 09:14:31','2023-10-12 11:18:13'),(2038,663,109,1960,76,1,'2023-10-12 09:10:59','2023-10-12 11:12:16'),(2037,663,109,2400,196,1,'2023-10-12 09:06:39','2023-10-12 11:09:55'),(2036,605,109,0,0,0,'2023-10-12 08:48:54',NULL),(2035,663,109,2000,736,0,'2023-10-12 08:46:24','2023-10-12 10:58:40'),(2034,605,109,1960,303,1,'2023-10-12 08:43:38','2023-10-12 10:48:41'),(2033,605,109,880,124,1,'2023-10-12 08:38:54','2023-10-12 10:40:59'),(2032,605,109,1960,630,0,'2023-10-12 08:28:11','2023-10-12 10:38:42'),(2031,657,109,0,28,1,'2023-10-11 17:35:50','2023-10-11 19:36:18'),(2030,563,109,0,0,0,'2023-10-11 17:32:41',NULL),(2029,596,109,2400,31,1,'2023-10-11 17:20:47','2023-10-11 19:21:19'),(2028,596,109,0,0,0,'2023-10-11 17:19:58',NULL),(2027,596,109,2400,28,1,'2023-10-11 17:19:20','2023-10-11 19:19:48'),(2026,596,109,2400,29,1,'2023-10-11 17:18:32','2023-10-11 19:19:02'),(2025,596,109,2400,30,1,'2023-10-11 17:17:36','2023-10-11 19:18:07'),(2024,667,109,0,0,0,'2023-10-11 17:15:46',NULL),(2023,596,109,2000,173,1,'2023-10-11 17:13:59','2023-10-11 19:16:53'),(2022,667,109,1960,235,1,'2023-10-11 17:11:44','2023-10-11 19:15:39'),(2021,596,109,1520,118,1,'2023-10-11 17:11:40','2023-10-11 19:13:39'),(2020,596,109,0,0,0,'2023-10-11 17:11:27',NULL),(2019,596,109,1520,301,1,'2023-10-11 17:05:45','2023-10-11 19:10:47'),(2018,667,109,0,52,1,'2023-10-11 16:52:42','2023-10-11 18:53:34'),(2017,655,109,2400,39,1,'2023-10-11 16:50:45','2023-10-11 18:51:25'),(2016,657,109,0,0,0,'2023-10-11 16:44:49',NULL),(2015,655,109,1960,1016,1,'2023-10-11 16:29:54','2023-10-11 18:46:50'),(2014,667,109,0,0,0,'2023-10-11 16:21:23',NULL),(2013,655,109,1520,155,0,'2023-10-11 16:21:22','2023-10-11 18:23:58'),(2012,650,109,0,0,0,'2023-10-11 16:21:03',NULL),(2011,655,109,1520,42,0,'2023-10-11 16:20:30','2023-10-11 18:21:13'),(2010,663,109,0,0,0,'2023-10-11 16:19:50',NULL),(2009,657,109,0,0,0,'2023-10-11 16:19:12',NULL),(2008,648,109,320,26,0,'2023-10-11 16:18:18','2023-10-11 18:18:45'),(2007,663,109,0,0,0,'2023-10-11 16:17:11',NULL),(2006,652,109,0,0,0,'2023-10-11 16:16:26',NULL),(2005,666,109,0,0,0,'2023-10-11 16:16:19',NULL),(2004,562,109,0,0,0,'2023-10-11 16:16:16',NULL),(2003,655,109,1240,247,0,'2023-10-11 16:16:07','2023-10-11 18:20:14'),(2002,648,109,0,105,1,'2023-10-11 16:16:04','2023-10-11 18:17:49'),(2001,650,109,880,289,0,'2023-10-11 16:15:20','2023-10-11 18:20:10'),(2000,656,109,0,0,0,'2023-10-11 16:15:13',NULL),(1999,655,109,0,0,0,'2023-10-11 16:14:26',NULL),(1998,586,109,0,0,0,'2023-10-11 15:56:41',NULL),(1997,1,130,0,0,0,'2023-10-11 15:17:51',NULL),(1996,562,109,0,0,0,'2023-10-11 15:14:28',NULL),(1995,586,109,1440,388,1,'2023-10-11 15:01:58','2023-10-11 17:08:26'),(1994,586,109,1600,59,1,'2023-10-11 14:59:38','2023-10-11 17:00:38'),(1993,586,109,1520,248,0,'2023-10-11 14:54:41','2023-10-11 16:58:50'),(1992,602,109,800,55,0,'2023-10-11 14:48:23','2023-10-11 16:49:19'),(1991,595,109,0,75,1,'2023-10-11 14:46:13','2023-10-11 16:47:29'),(1990,586,109,760,575,0,'2023-10-11 14:44:31','2023-10-11 16:54:07'),(1989,586,109,0,51,1,'2023-10-11 14:43:13','2023-10-11 16:44:05'),(1988,586,109,0,0,0,'2023-10-11 14:35:01',NULL),(1987,566,109,0,0,0,'2023-10-11 14:24:51',NULL),(1986,569,109,0,0,0,'2023-10-11 14:23:45',NULL),(1985,566,109,0,0,0,'2023-10-11 14:21:39',NULL),(1984,569,109,0,0,0,'2023-10-11 14:21:22',NULL),(1983,570,109,0,0,0,'2023-10-11 14:21:07',NULL),(1982,574,109,0,0,0,'2023-10-11 14:20:11',NULL),(1981,566,109,0,0,0,'2023-10-11 14:19:57',NULL),(1980,567,109,0,0,0,'2023-10-11 14:18:55',NULL),(1979,579,109,0,116,1,'2023-10-11 14:18:54','2023-10-11 16:20:51'),(1978,562,109,0,0,0,'2023-10-11 14:18:42',NULL),(1977,569,109,0,103,1,'2023-10-11 14:18:29','2023-10-11 16:20:12'),(1976,565,109,0,110,1,'2023-10-11 14:18:28','2023-10-11 16:20:19'),(1975,568,109,520,138,0,'2023-10-11 14:18:28','2023-10-11 16:20:47'),(1974,564,109,0,0,0,'2023-10-11 14:18:24',NULL),(1973,580,109,0,177,1,'2023-10-11 14:18:15','2023-10-11 16:21:12'),(1972,581,109,0,0,0,'2023-10-11 14:18:14',NULL),(1971,577,109,0,145,1,'2023-10-11 14:18:08','2023-10-11 16:20:33'),(1970,570,109,0,0,0,'2023-10-11 14:18:01',NULL),(1969,576,109,0,0,0,'2023-10-11 14:17:58',NULL),(1968,572,109,0,155,1,'2023-10-11 14:17:55','2023-10-11 16:20:31'),(1967,584,109,760,177,0,'2023-10-11 14:17:54','2023-10-11 16:20:55'),(1966,571,109,0,0,0,'2023-10-11 14:17:38',NULL),(1965,574,109,0,106,1,'2023-10-11 14:16:12','2023-10-11 16:17:59'),(1964,582,109,560,210,0,'2023-10-11 14:16:04','2023-10-11 16:19:35'),(1963,589,109,0,0,0,'2023-10-11 14:12:12',NULL),(1962,602,109,0,0,0,'2023-10-11 14:08:29',NULL),(1961,602,109,0,0,0,'2023-10-11 14:07:52',NULL),(1960,598,109,0,0,0,'2023-10-11 14:06:29',NULL),(1959,586,109,0,0,0,'2023-10-11 14:06:24',NULL),(1958,595,109,0,0,0,'2023-10-11 14:06:20',NULL),(1957,597,109,0,75,1,'2023-10-11 14:05:53','2023-10-11 16:07:10'),(1956,590,109,0,0,0,'2023-10-11 14:05:02',NULL),(1955,602,109,560,195,0,'2023-10-11 14:04:11','2023-10-11 16:07:27'),(1954,562,109,1600,102,0,'2023-10-11 13:26:37','2023-10-11 15:28:20'),(1953,562,109,480,74,0,'2023-10-11 10:21:16','2023-10-11 12:22:31'),(1952,1,94,0,0,0,'2023-10-10 14:42:00',NULL),(1951,562,109,0,0,0,'2023-10-10 14:35:56',NULL),(1950,562,129,500,342,0,'2023-10-10 14:25:09','2023-10-10 16:30:52'),(1949,562,109,0,0,0,'2023-10-06 11:54:28',NULL),(1948,562,109,0,0,0,'2023-10-04 08:58:57',NULL),(1947,562,130,2025,98,0,'2023-10-04 08:57:12','2023-10-04 10:58:50'),(1946,562,127,0,0,0,'2023-10-04 08:55:20',NULL);
/*!40000 ALTER TABLE `usuariominijuego` ENABLE KEYS */;
UNLOCK TABLES;

--
-- Table structure for table `usuariominijuegoguardado`
--

DROP TABLE IF EXISTS `usuariominijuegoguardado`;
/*!40101 SET @saved_cs_client     = @@character_set_client */;
/*!50503 SET character_set_client = utf8mb4 */;
CREATE TABLE `usuariominijuegoguardado` (
  `IDUsuarioMinijuegoGuardado` int NOT NULL AUTO_INCREMENT,
  `IDUsuario` int NOT NULL,
  `IDMinijuego` int NOT NULL,
  `Libre` varchar(10000) CHARACTER SET utf8mb4 COLLATE utf8mb4_unicode_520_ci NOT NULL,
  PRIMARY KEY (`IDUsuarioMinijuegoGuardado`),
  KEY `IDUsuario` (`IDUsuario`),
  KEY `IDMinijuego` (`IDMinijuego`) USING BTREE
) ENGINE=MyISAM AUTO_INCREMENT=553 DEFAULT CHARSET=utf8mb4 COLLATE=utf8mb4_unicode_520_ci;
/*!40101 SET character_set_client = @saved_cs_client */;

--
-- Dumping data for table `usuariominijuegoguardado`
--

LOCK TABLES `usuariominijuegoguardado` WRITE;
/*!40000 ALTER TABLE `usuariominijuegoguardado` DISABLE KEYS */;
INSERT INTO `usuariominijuegoguardado` VALUES (519,598,129,'{\"unlock\":5,\"stringGame\":{\"gameName\":\"StringGameScene\",\"easyPoints\":1050.0,\"normalPoints\":500.0,\"hardPoints\":1000.0,\"isNormalModeCompleted\":true,\"isHardModeCompleted\":true},\"arrayGame\":{\"gameName\":\"ArrayGameScene\",\"easyPoints\":1400.0,\"normalPoints\":500.0,\"hardPoints\":1000.0,\"isNormalModeCompleted\":true,\"isHardModeCompleted\":true},\"matrixGame\":{\"gameName\":\"MatrixGameScene\",\"easyPoints\":0.0,\"normalPoints\":500.0,\"hardPoints\":1100.0,\"isNormalModeCompleted\":true,\"isHardModeCompleted\":true},\"fileGame\":{\"gameName\":\"FileGameScene\",\"easyPoints\":1000.0,\"normalPoints\":500.0,\"hardPoints\":1000.0,\"isNormalModeCompleted\":true,\"isHardModeCompleted\":true},\"finalGame\":{\"gameName\":\"FinalGameScene\",\"easyPoints\":1000.0,\"normalPoints\":500.0,\"hardPoints\":1000.0,\"isNormalModeCompleted\":false,\"isHardModeCompleted\":true},\"totalPoints\":7000}'),(3,562,130,'{\"easyPoints\":1000,\"mediumPoints\":1500,\"hardPoints\":2500,\"challengePoints\":3000}'),(4,562,109,'{\"puntuacion\":[800,1200,1600,2000,2400]}'),(518,598,102,'{\"puntuacion\":[1000,1500,2500,3000]}'),(517,647,102,'{\"puntuacion\":[1000,1500,2500,3000]}'),(516,615,130,'{\"easyPoints\":1000,\"mediumPoints\":1500,\"hardPoints\":2500,\"challengePoints\":3000}'),(515,615,102,'{\"puntuacion\":[1000,1500,2500,3000]}'),(514,618,130,'{\"easyPoints\":1000,\"mediumPoints\":1500,\"hardPoints\":2500,\"challengePoints\":3000}'),(512,628,109,'{\"puntuacion\":[800,1200,1600,2000,2400]}'),(513,628,130,'{\"easyPoints\":1000,\"mediumPoints\":1500,\"hardPoints\":2500,\"challengePoints\":3000}'),(510,608,102,'{\"puntuacion\":[1000,1500,2500,3000]}'),(511,628,102,'{\"puntuacion\":[1000,1500,2500,3000]}'),(509,590,102,'{\"puntuacion\":[1000,1500,2500,3000]}'),(508,602,102,'{\"puntuacion\":[1000,1500,2500,3000]}'),(507,596,102,'{\"puntuacion\":[1000,1500,2500,3000]}'),(506,658,102,'{\"puntuacion\":[1000,1500,2500,3000]}'),(505,658,130,'{\"easyPoints\":1000,\"mediumPoints\":1500,\"hardPoints\":2500,\"challengePoints\":3000}'),(504,658,129,'{\"unlock\":5,\"stringGame\":{\"gameName\":\"StringGameScene\",\"easyPoints\":1050.0,\"normalPoints\":500.0,\"hardPoints\":1000.0,\"isNormalModeCompleted\":true,\"isHardModeCompleted\":true},\"arrayGame\":{\"gameName\":\"ArrayGameScene\",\"easyPoints\":1400.0,\"normalPoints\":500.0,\"hardPoints\":1000.0,\"isNormalModeCompleted\":true,\"isHardModeCompleted\":true},\"matrixGame\":{\"gameName\":\"MatrixGameScene\",\"easyPoints\":0.0,\"normalPoints\":500.0,\"hardPoints\":1100.0,\"isNormalModeCompleted\":true,\"isHardModeCompleted\":true},\"fileGame\":{\"gameName\":\"FileGameScene\",\"easyPoints\":1000.0,\"normalPoints\":500.0,\"hardPoints\":1000.0,\"isNormalModeCompleted\":true,\"isHardModeCompleted\":true},\"finalGame\":{\"gameName\":\"FinalGameScene\",\"easyPoints\":1000.0,\"normalPoints\":500.0,\"hardPoints\":1000.0,\"isNormalModeCompleted\":false,\"isHardModeCompleted\":true},\"totalPoints\":7000}'),(503,658,94,'{\"puntuacion\":[1000,1500,2500,3000]}'),(502,580,102,'{\"puntuacion\":[1000,1500,2500,3000]}'),(501,572,102,'{\"puntuacion\":[1000,1500,2500,3000]}'),(500,579,102,'{\"puntuacion\":[1000,1500,2500,3000]}'),(499,656,102,'{\"puntuacion\":[1000,1500,2500,3000]}'),(498,656,129,'{\"unlock\":5,\"stringGame\":{\"gameName\":\"StringGameScene\",\"easyPoints\":1050.0,\"normalPoints\":500.0,\"hardPoints\":1000.0,\"isNormalModeCompleted\":true,\"isHardModeCompleted\":true},\"arrayGame\":{\"gameName\":\"ArrayGameScene\",\"easyPoints\":1400.0,\"normalPoints\":500.0,\"hardPoints\":1000.0,\"isNormalModeCompleted\":true,\"isHardModeCompleted\":true},\"matrixGame\":{\"gameName\":\"MatrixGameScene\",\"easyPoints\":0.0,\"normalPoints\":500.0,\"hardPoints\":1100.0,\"isNormalModeCompleted\":true,\"isHardModeCompleted\":true},\"fileGame\":{\"gameName\":\"FileGameScene\",\"easyPoints\":1000.0,\"normalPoints\":500.0,\"hardPoints\":1000.0,\"isNormalModeCompleted\":true,\"isHardModeCompleted\":true},\"finalGame\":{\"gameName\":\"FinalGameScene\",\"easyPoints\":1000.0,\"normalPoints\":500.0,\"hardPoints\":1000.0,\"isNormalModeCompleted\":false,\"isHardModeCompleted\":true},\"totalPoints\":7000}'),(497,652,102,'{\"puntuacion\":[1000,1500,2500,3000]}'),(65,563,109,'{\"puntuacion\":[800,1200,1600,2000,2400]}'),(496,655,129,'{\"unlock\":5,\"stringGame\":{\"gameName\":\"StringGameScene\",\"easyPoints\":1050.0,\"normalPoints\":500.0,\"hardPoints\":1000.0,\"isNormalModeCompleted\":true,\"isHardModeCompleted\":true},\"arrayGame\":{\"gameName\":\"ArrayGameScene\",\"easyPoints\":1400.0,\"normalPoints\":500.0,\"hardPoints\":1000.0,\"isNormalModeCompleted\":true,\"isHardModeCompleted\":true},\"matrixGame\":{\"gameName\":\"MatrixGameScene\",\"easyPoints\":0.0,\"normalPoints\":500.0,\"hardPoints\":1100.0,\"isNormalModeCompleted\":true,\"isHardModeCompleted\":true},\"fileGame\":{\"gameName\":\"FileGameScene\",\"easyPoints\":1000.0,\"normalPoints\":500.0,\"hardPoints\":1000.0,\"isNormalModeCompleted\":true,\"isHardModeCompleted\":true},\"finalGame\":{\"gameName\":\"FinalGameScene\",\"easyPoints\":1000.0,\"normalPoints\":500.0,\"hardPoints\":1000.0,\"isNormalModeCompleted\":false,\"isHardModeCompleted\":true},\"totalPoints\":7000}'),(495,655,102,'{\"puntuacion\":[1000,1500,2500,3000]}'),(494,643,129,'{\"unlock\":5,\"stringGame\":{\"gameName\":\"StringGameScene\",\"easyPoints\":1050.0,\"normalPoints\":500.0,\"hardPoints\":1000.0,\"isNormalModeCompleted\":true,\"isHardModeCompleted\":true},\"arrayGame\":{\"gameName\":\"ArrayGameScene\",\"easyPoints\":1400.0,\"normalPoints\":500.0,\"hardPoints\":1000.0,\"isNormalModeCompleted\":true,\"isHardModeCompleted\":true},\"matrixGame\":{\"gameName\":\"MatrixGameScene\",\"easyPoints\":0.0,\"normalPoints\":500.0,\"hardPoints\":1100.0,\"isNormalModeCompleted\":true,\"isHardModeCompleted\":true},\"fileGame\":{\"gameName\":\"FileGameScene\",\"easyPoints\":1000.0,\"normalPoints\":500.0,\"hardPoints\":1000.0,\"isNormalModeCompleted\":true,\"isHardModeCompleted\":true},\"finalGame\":{\"gameName\":\"FinalGameScene\",\"easyPoints\":1000.0,\"normalPoints\":500.0,\"hardPoints\":1000.0,\"isNormalModeCompleted\":false,\"isHardModeCompleted\":true},\"totalPoints\":7000}'),(493,643,130,'{\"easyPoints\":1000,\"mediumPoints\":1500,\"hardPoints\":2500,\"challengePoints\":3000}'),(492,643,109,'{\"puntuacion\":[800,1200,1600,2000,2400]}'),(491,643,127,'{\"points\":[1,1000,1500,2500,3000],\"lastLevel\":4}'),(490,643,94,'{\"puntuacion\":[1000,1500,2500,3000]}'),(489,643,102,'{\"puntuacion\":[1000,1500,2500,3000]}'),(488,634,129,'{\"unlock\":5,\"stringGame\":{\"gameName\":\"StringGameScene\",\"easyPoints\":1050.0,\"normalPoints\":500.0,\"hardPoints\":1000.0,\"isNormalModeCompleted\":true,\"isHardModeCompleted\":true},\"arrayGame\":{\"gameName\":\"ArrayGameScene\",\"easyPoints\":1400.0,\"normalPoints\":500.0,\"hardPoints\":1000.0,\"isNormalModeCompleted\":true,\"isHardModeCompleted\":true},\"matrixGame\":{\"gameName\":\"MatrixGameScene\",\"easyPoints\":0.0,\"normalPoints\":500.0,\"hardPoints\":1100.0,\"isNormalModeCompleted\":true,\"isHardModeCompleted\":true},\"fileGame\":{\"gameName\":\"FileGameScene\",\"easyPoints\":1000.0,\"normalPoints\":500.0,\"hardPoints\":1000.0,\"isNormalModeCompleted\":true,\"isHardModeCompleted\":true},\"finalGame\":{\"gameName\":\"FinalGameScene\",\"easyPoints\":1000.0,\"normalPoints\":500.0,\"hardPoints\":1000.0,\"isNormalModeCompleted\":false,\"isHardModeCompleted\":true},\"totalPoints\":7000}'),(487,634,102,'{\"puntuacion\":[1000,1500,2500,3000]}'),(486,695,102,'{\"puntuacion\":[1000,1500,2500,3000]}'),(485,618,102,'{\"puntuacion\":[1000,1500,2500,3000]}'),(481,584,102,'{\"puntuacion\":[1000,1500,2500,3000]}'),(482,632,127,'{\"points\":[1,1000,1500,2500,3000],\"lastLevel\":4}'),(483,627,109,'{\"puntuacion\":[800,1200,1600,2000,2400]}'),(484,627,127,'{\"points\":[1,1000,1500,2500,3000],\"lastLevel\":4}'),(480,590,129,'{\"unlock\":5,\"stringGame\":{\"gameName\":\"StringGameScene\",\"easyPoints\":1050.0,\"normalPoints\":500.0,\"hardPoints\":1000.0,\"isNormalModeCompleted\":true,\"isHardModeCompleted\":true},\"arrayGame\":{\"gameName\":\"ArrayGameScene\",\"easyPoints\":1400.0,\"normalPoints\":500.0,\"hardPoints\":1000.0,\"isNormalModeCompleted\":true,\"isHardModeCompleted\":true},\"matrixGame\":{\"gameName\":\"MatrixGameScene\",\"easyPoints\":0.0,\"normalPoints\":500.0,\"hardPoints\":1100.0,\"isNormalModeCompleted\":true,\"isHardModeCompleted\":true},\"fileGame\":{\"gameName\":\"FileGameScene\",\"easyPoints\":1000.0,\"normalPoints\":500.0,\"hardPoints\":1000.0,\"isNormalModeCompleted\":true,\"isHardModeCompleted\":true},\"finalGame\":{\"gameName\":\"FinalGameScene\",\"easyPoints\":1000.0,\"normalPoints\":500.0,\"hardPoints\":1000.0,\"isNormalModeCompleted\":false,\"isHardModeCompleted\":true},\"totalPoints\":7000}'),(479,611,129,'{\"unlock\":5,\"stringGame\":{\"gameName\":\"StringGameScene\",\"easyPoints\":1050.0,\"normalPoints\":500.0,\"hardPoints\":1000.0,\"isNormalModeCompleted\":true,\"isHardModeCompleted\":true},\"arrayGame\":{\"gameName\":\"ArrayGameScene\",\"easyPoints\":1400.0,\"normalPoints\":500.0,\"hardPoints\":1000.0,\"isNormalModeCompleted\":true,\"isHardModeCompleted\":true},\"matrixGame\":{\"gameName\":\"MatrixGameScene\",\"easyPoints\":0.0,\"normalPoints\":500.0,\"hardPoints\":1100.0,\"isNormalModeCompleted\":true,\"isHardModeCompleted\":true},\"fileGame\":{\"gameName\":\"FileGameScene\",\"easyPoints\":1000.0,\"normalPoints\":500.0,\"hardPoints\":1000.0,\"isNormalModeCompleted\":true,\"isHardModeCompleted\":true},\"finalGame\":{\"gameName\":\"FinalGameScene\",\"easyPoints\":1000.0,\"normalPoints\":500.0,\"hardPoints\":1000.0,\"isNormalModeCompleted\":false,\"isHardModeCompleted\":true},\"totalPoints\":7000}'),(104,562,110,'5000'),(107,562,129,'{\"unlock\":5,\"stringGame\":{\"gameName\":\"StringGameScene\",\"easyPoints\":1050.0,\"normalPoints\":500.0,\"hardPoints\":1000.0,\"isNormalModeCompleted\":true,\"isHardModeCompleted\":true},\"arrayGame\":{\"gameName\":\"ArrayGameScene\",\"easyPoints\":1400.0,\"normalPoints\":500.0,\"hardPoints\":1000.0,\"isNormalModeCompleted\":true,\"isHardModeCompleted\":true},\"matrixGame\":{\"gameName\":\"MatrixGameScene\",\"easyPoints\":0.0,\"normalPoints\":500.0,\"hardPoints\":1100.0,\"isNormalModeCompleted\":true,\"isHardModeCompleted\":true},\"fileGame\":{\"gameName\":\"FileGameScene\",\"easyPoints\":1000.0,\"normalPoints\":500.0,\"hardPoints\":1000.0,\"isNormalModeCompleted\":true,\"isHardModeCompleted\":true},\"finalGame\":{\"gameName\":\"FinalGameScene\",\"easyPoints\":1000.0,\"normalPoints\":500.0,\"hardPoints\":1000.0,\"isNormalModeCompleted\":false,\"isHardModeCompleted\":true},\"totalPoints\":7000}'),(476,640,109,'{\"puntuacion\":[800,1200,1600,2000,2400]}'),(477,640,130,'{\"easyPoints\":1000,\"mediumPoints\":1500,\"hardPoints\":2500,\"challengePoints\":3000}'),(478,640,129,'{\"unlock\":5,\"stringGame\":{\"gameName\":\"StringGameScene\",\"easyPoints\":1050.0,\"normalPoints\":500.0,\"hardPoints\":1000.0,\"isNormalModeCompleted\":true,\"isHardModeCompleted\":true},\"arrayGame\":{\"gameName\":\"ArrayGameScene\",\"easyPoints\":1400.0,\"normalPoints\":500.0,\"hardPoints\":1000.0,\"isNormalModeCompleted\":true,\"isHardModeCompleted\":true},\"matrixGame\":{\"gameName\":\"MatrixGameScene\",\"easyPoints\":0.0,\"normalPoints\":500.0,\"hardPoints\":1100.0,\"isNormalModeCompleted\":true,\"isHardModeCompleted\":true},\"fileGame\":{\"gameName\":\"FileGameScene\",\"easyPoints\":1000.0,\"normalPoints\":500.0,\"hardPoints\":1000.0,\"isNormalModeCompleted\":true,\"isHardModeCompleted\":true},\"finalGame\":{\"gameName\":\"FinalGameScene\",\"easyPoints\":1000.0,\"normalPoints\":500.0,\"hardPoints\":1000.0,\"isNormalModeCompleted\":false,\"isHardModeCompleted\":true},\"totalPoints\":7000}'),(475,660,129,'{\"unlock\":5,\"stringGame\":{\"gameName\":\"StringGameScene\",\"easyPoints\":1050.0,\"normalPoints\":500.0,\"hardPoints\":1000.0,\"isNormalModeCompleted\":true,\"isHardModeCompleted\":true},\"arrayGame\":{\"gameName\":\"ArrayGameScene\",\"easyPoints\":1400.0,\"normalPoints\":500.0,\"hardPoints\":1000.0,\"isNormalModeCompleted\":true,\"isHardModeCompleted\":true},\"matrixGame\":{\"gameName\":\"MatrixGameScene\",\"easyPoints\":0.0,\"normalPoints\":500.0,\"hardPoints\":1100.0,\"isNormalModeCompleted\":true,\"isHardModeCompleted\":true},\"fileGame\":{\"gameName\":\"FileGameScene\",\"easyPoints\":1000.0,\"normalPoints\":500.0,\"hardPoints\":1000.0,\"isNormalModeCompleted\":true,\"isHardModeCompleted\":true},\"finalGame\":{\"gameName\":\"FinalGameScene\",\"easyPoints\":1000.0,\"normalPoints\":500.0,\"hardPoints\":1000.0,\"isNormalModeCompleted\":false,\"isHardModeCompleted\":true},\"totalPoints\":7000}'),(474,581,129,'{\"unlock\":5,\"stringGame\":{\"gameName\":\"StringGameScene\",\"easyPoints\":1050.0,\"normalPoints\":500.0,\"hardPoints\":1000.0,\"isNormalModeCompleted\":true,\"isHardModeCompleted\":true},\"arrayGame\":{\"gameName\":\"ArrayGameScene\",\"easyPoints\":1400.0,\"normalPoints\":500.0,\"hardPoints\":1000.0,\"isNormalModeCompleted\":true,\"isHardModeCompleted\":true},\"matrixGame\":{\"gameName\":\"MatrixGameScene\",\"easyPoints\":0.0,\"normalPoints\":500.0,\"hardPoints\":1100.0,\"isNormalModeCompleted\":true,\"isHardModeCompleted\":true},\"fileGame\":{\"gameName\":\"FileGameScene\",\"easyPoints\":1000.0,\"normalPoints\":500.0,\"hardPoints\":1000.0,\"isNormalModeCompleted\":true,\"isHardModeCompleted\":true},\"finalGame\":{\"gameName\":\"FinalGameScene\",\"easyPoints\":1000.0,\"normalPoints\":500.0,\"hardPoints\":1000.0,\"isNormalModeCompleted\":false,\"isHardModeCompleted\":true},\"totalPoints\":7000}'),(473,656,127,'{\"points\":[1,1000,1500,2500,3000],\"lastLevel\":4}'),(472,656,94,'{\"puntuacion\":[1000,1500,2500,3000]}'),(471,602,129,'{\"unlock\":5,\"stringGame\":{\"gameName\":\"StringGameScene\",\"easyPoints\":1050.0,\"normalPoints\":500.0,\"hardPoints\":1000.0,\"isNormalModeCompleted\":true,\"isHardModeCompleted\":true},\"arrayGame\":{\"gameName\":\"ArrayGameScene\",\"easyPoints\":1400.0,\"normalPoints\":500.0,\"hardPoints\":1000.0,\"isNormalModeCompleted\":true,\"isHardModeCompleted\":true},\"matrixGame\":{\"gameName\":\"MatrixGameScene\",\"easyPoints\":0.0,\"normalPoints\":500.0,\"hardPoints\":1100.0,\"isNormalModeCompleted\":true,\"isHardModeCompleted\":true},\"fileGame\":{\"gameName\":\"FileGameScene\",\"easyPoints\":1000.0,\"normalPoints\":500.0,\"hardPoints\":1000.0,\"isNormalModeCompleted\":true,\"isHardModeCompleted\":true},\"finalGame\":{\"gameName\":\"FinalGameScene\",\"easyPoints\":1000.0,\"normalPoints\":500.0,\"hardPoints\":1000.0,\"isNormalModeCompleted\":false,\"isHardModeCompleted\":true},\"totalPoints\":7000}'),(470,569,129,'{\"unlock\":5,\"stringGame\":{\"gameName\":\"StringGameScene\",\"easyPoints\":1050.0,\"normalPoints\":500.0,\"hardPoints\":1000.0,\"isNormalModeCompleted\":true,\"isHardModeCompleted\":true},\"arrayGame\":{\"gameName\":\"ArrayGameScene\",\"easyPoints\":1400.0,\"normalPoints\":500.0,\"hardPoints\":1000.0,\"isNormalModeCompleted\":true,\"isHardModeCompleted\":true},\"matrixGame\":{\"gameName\":\"MatrixGameScene\",\"easyPoints\":0.0,\"normalPoints\":500.0,\"hardPoints\":1100.0,\"isNormalModeCompleted\":true,\"isHardModeCompleted\":true},\"fileGame\":{\"gameName\":\"FileGameScene\",\"easyPoints\":1000.0,\"normalPoints\":500.0,\"hardPoints\":1000.0,\"isNormalModeCompleted\":true,\"isHardModeCompleted\":true},\"finalGame\":{\"gameName\":\"FinalGameScene\",\"easyPoints\":1000.0,\"normalPoints\":500.0,\"hardPoints\":1000.0,\"isNormalModeCompleted\":false,\"isHardModeCompleted\":true},\"totalPoints\":7000}'),(467,601,130,'{\"easyPoints\":1000,\"mediumPoints\":1500,\"hardPoints\":2500,\"challengePoints\":3000}'),(468,580,127,'{\"points\":[1,1000,1500,2500,3000],\"lastLevel\":4}'),(469,580,129,'{\"unlock\":5,\"stringGame\":{\"gameName\":\"StringGameScene\",\"easyPoints\":1050.0,\"normalPoints\":500.0,\"hardPoints\":1000.0,\"isNormalModeCompleted\":true,\"isHardModeCompleted\":true},\"arrayGame\":{\"gameName\":\"ArrayGameScene\",\"easyPoints\":1400.0,\"normalPoints\":500.0,\"hardPoints\":1000.0,\"isNormalModeCompleted\":true,\"isHardModeCompleted\":true},\"matrixGame\":{\"gameName\":\"MatrixGameScene\",\"easyPoints\":0.0,\"normalPoints\":500.0,\"hardPoints\":1100.0,\"isNormalModeCompleted\":true,\"isHardModeCompleted\":true},\"fileGame\":{\"gameName\":\"FileGameScene\",\"easyPoints\":1000.0,\"normalPoints\":500.0,\"hardPoints\":1000.0,\"isNormalModeCompleted\":true,\"isHardModeCompleted\":true},\"finalGame\":{\"gameName\":\"FinalGameScene\",\"easyPoints\":1000.0,\"normalPoints\":500.0,\"hardPoints\":1000.0,\"isNormalModeCompleted\":false,\"isHardModeCompleted\":true},\"totalPoints\":7000}'),(466,601,127,'{\"points\":[1,1000,1500,2500,3000],\"lastLevel\":4}'),(126,562,94,'{\"puntuacion\":[1000,1500,2500,3000]}'),(464,588,94,'{\"puntuacion\":[1000,1500,2500,3000]}'),(465,588,127,'{\"points\":[1,1000,1500,2500,3000],\"lastLevel\":4}'),(463,605,129,'{\"unlock\":5,\"stringGame\":{\"gameName\":\"StringGameScene\",\"easyPoints\":1050.0,\"normalPoints\":500.0,\"hardPoints\":1000.0,\"isNormalModeCompleted\":true,\"isHardModeCompleted\":true},\"arrayGame\":{\"gameName\":\"ArrayGameScene\",\"easyPoints\":1400.0,\"normalPoints\":500.0,\"hardPoints\":1000.0,\"isNormalModeCompleted\":true,\"isHardModeCompleted\":true},\"matrixGame\":{\"gameName\":\"MatrixGameScene\",\"easyPoints\":0.0,\"normalPoints\":500.0,\"hardPoints\":1100.0,\"isNormalModeCompleted\":true,\"isHardModeCompleted\":true},\"fileGame\":{\"gameName\":\"FileGameScene\",\"easyPoints\":1000.0,\"normalPoints\":500.0,\"hardPoints\":1000.0,\"isNormalModeCompleted\":true,\"isHardModeCompleted\":true},\"finalGame\":{\"gameName\":\"FinalGameScene\",\"easyPoints\":1000.0,\"normalPoints\":500.0,\"hardPoints\":1000.0,\"isNormalModeCompleted\":false,\"isHardModeCompleted\":true},\"totalPoints\":7000}'),(462,652,129,'{\"unlock\":5,\"stringGame\":{\"gameName\":\"StringGameScene\",\"easyPoints\":1050.0,\"normalPoints\":500.0,\"hardPoints\":1000.0,\"isNormalModeCompleted\":true,\"isHardModeCompleted\":true},\"arrayGame\":{\"gameName\":\"ArrayGameScene\",\"easyPoints\":1400.0,\"normalPoints\":500.0,\"hardPoints\":1000.0,\"isNormalModeCompleted\":true,\"isHardModeCompleted\":true},\"matrixGame\":{\"gameName\":\"MatrixGameScene\",\"easyPoints\":0.0,\"normalPoints\":500.0,\"hardPoints\":1100.0,\"isNormalModeCompleted\":true,\"isHardModeCompleted\":true},\"fileGame\":{\"gameName\":\"FileGameScene\",\"easyPoints\":1000.0,\"normalPoints\":500.0,\"hardPoints\":1000.0,\"isNormalModeCompleted\":true,\"isHardModeCompleted\":true},\"finalGame\":{\"gameName\":\"FinalGameScene\",\"easyPoints\":1000.0,\"normalPoints\":500.0,\"hardPoints\":1000.0,\"isNormalModeCompleted\":false,\"isHardModeCompleted\":true},\"totalPoints\":7000}'),(461,634,130,'{\"easyPoints\":1000,\"mediumPoints\":1500,\"hardPoints\":2500,\"challengePoints\":3000}'),(460,634,94,'{\"puntuacion\":[1000,1500,2500,3000]}'),(459,628,129,'{\"unlock\":5,\"stringGame\":{\"gameName\":\"StringGameScene\",\"easyPoints\":1050.0,\"normalPoints\":500.0,\"hardPoints\":1000.0,\"isNormalModeCompleted\":true,\"isHardModeCompleted\":true},\"arrayGame\":{\"gameName\":\"ArrayGameScene\",\"easyPoints\":1400.0,\"normalPoints\":500.0,\"hardPoints\":1000.0,\"isNormalModeCompleted\":true,\"isHardModeCompleted\":true},\"matrixGame\":{\"gameName\":\"MatrixGameScene\",\"easyPoints\":0.0,\"normalPoints\":500.0,\"hardPoints\":1100.0,\"isNormalModeCompleted\":true,\"isHardModeCompleted\":true},\"fileGame\":{\"gameName\":\"FileGameScene\",\"easyPoints\":1000.0,\"normalPoints\":500.0,\"hardPoints\":1000.0,\"isNormalModeCompleted\":true,\"isHardModeCompleted\":true},\"finalGame\":{\"gameName\":\"FinalGameScene\",\"easyPoints\":1000.0,\"normalPoints\":500.0,\"hardPoints\":1000.0,\"isNormalModeCompleted\":false,\"isHardModeCompleted\":true},\"totalPoints\":7000}'),(458,634,127,'{\"points\":[1,1000,1500,2500,3000],\"lastLevel\":4}'),(140,563,94,'{\"puntuacion\":[1000,1500,2500,3000]}'),(457,628,94,'{\"puntuacion\":[1000,1500,2500,3000]}'),(456,628,127,'{\"points\":[1,1000,1500,2500,3000],\"lastLevel\":4}'),(455,698,129,'{\"unlock\":5,\"stringGame\":{\"gameName\":\"StringGameScene\",\"easyPoints\":1050.0,\"normalPoints\":500.0,\"hardPoints\":1000.0,\"isNormalModeCompleted\":true,\"isHardModeCompleted\":true},\"arrayGame\":{\"gameName\":\"ArrayGameScene\",\"easyPoints\":1400.0,\"normalPoints\":500.0,\"hardPoints\":1000.0,\"isNormalModeCompleted\":true,\"isHardModeCompleted\":true},\"matrixGame\":{\"gameName\":\"MatrixGameScene\",\"easyPoints\":0.0,\"normalPoints\":500.0,\"hardPoints\":1100.0,\"isNormalModeCompleted\":true,\"isHardModeCompleted\":true},\"fileGame\":{\"gameName\":\"FileGameScene\",\"easyPoints\":1000.0,\"normalPoints\":500.0,\"hardPoints\":1000.0,\"isNormalModeCompleted\":true,\"isHardModeCompleted\":true},\"finalGame\":{\"gameName\":\"FinalGameScene\",\"easyPoints\":1000.0,\"normalPoints\":500.0,\"hardPoints\":1000.0,\"isNormalModeCompleted\":false,\"isHardModeCompleted\":true},\"totalPoints\":7000}'),(454,700,129,'{\"unlock\":5,\"stringGame\":{\"gameName\":\"StringGameScene\",\"easyPoints\":1050.0,\"normalPoints\":500.0,\"hardPoints\":1000.0,\"isNormalModeCompleted\":true,\"isHardModeCompleted\":true},\"arrayGame\":{\"gameName\":\"ArrayGameScene\",\"easyPoints\":1400.0,\"normalPoints\":500.0,\"hardPoints\":1000.0,\"isNormalModeCompleted\":true,\"isHardModeCompleted\":true},\"matrixGame\":{\"gameName\":\"MatrixGameScene\",\"easyPoints\":0.0,\"normalPoints\":500.0,\"hardPoints\":1100.0,\"isNormalModeCompleted\":true,\"isHardModeCompleted\":true},\"fileGame\":{\"gameName\":\"FileGameScene\",\"easyPoints\":1000.0,\"normalPoints\":500.0,\"hardPoints\":1000.0,\"isNormalModeCompleted\":true,\"isHardModeCompleted\":true},\"finalGame\":{\"gameName\":\"FinalGameScene\",\"easyPoints\":1000.0,\"normalPoints\":500.0,\"hardPoints\":1000.0,\"isNormalModeCompleted\":false,\"isHardModeCompleted\":true},\"totalPoints\":7000}'),(453,566,94,'{\"puntuacion\":[1000,1500,2500,3000]}'),(452,564,129,'{\"unlock\":5,\"stringGame\":{\"gameName\":\"StringGameScene\",\"easyPoints\":1050.0,\"normalPoints\":500.0,\"hardPoints\":1000.0,\"isNormalModeCompleted\":true,\"isHardModeCompleted\":true},\"arrayGame\":{\"gameName\":\"ArrayGameScene\",\"easyPoints\":1400.0,\"normalPoints\":500.0,\"hardPoints\":1000.0,\"isNormalModeCompleted\":true,\"isHardModeCompleted\":true},\"matrixGame\":{\"gameName\":\"MatrixGameScene\",\"easyPoints\":0.0,\"normalPoints\":500.0,\"hardPoints\":1100.0,\"isNormalModeCompleted\":true,\"isHardModeCompleted\":true},\"fileGame\":{\"gameName\":\"FileGameScene\",\"easyPoints\":1000.0,\"normalPoints\":500.0,\"hardPoints\":1000.0,\"isNormalModeCompleted\":true,\"isHardModeCompleted\":true},\"finalGame\":{\"gameName\":\"FinalGameScene\",\"easyPoints\":1000.0,\"normalPoints\":500.0,\"hardPoints\":1000.0,\"isNormalModeCompleted\":false,\"isHardModeCompleted\":true},\"totalPoints\":7000}'),(448,579,94,'{\"puntuacion\":[1000,1500,2500,3000]}'),(449,579,130,'{\"easyPoints\":1000,\"mediumPoints\":1500,\"hardPoints\":2500,\"challengePoints\":3000}'),(450,579,127,'{\"points\":[1,1000,1500,2500,3000],\"lastLevel\":4}'),(451,579,129,'{\"unlock\":5,\"stringGame\":{\"gameName\":\"StringGameScene\",\"easyPoints\":1050.0,\"normalPoints\":500.0,\"hardPoints\":1000.0,\"isNormalModeCompleted\":true,\"isHardModeCompleted\":true},\"arrayGame\":{\"gameName\":\"ArrayGameScene\",\"easyPoints\":1400.0,\"normalPoints\":500.0,\"hardPoints\":1000.0,\"isNormalModeCompleted\":true,\"isHardModeCompleted\":true},\"matrixGame\":{\"gameName\":\"MatrixGameScene\",\"easyPoints\":0.0,\"normalPoints\":500.0,\"hardPoints\":1100.0,\"isNormalModeCompleted\":true,\"isHardModeCompleted\":true},\"fileGame\":{\"gameName\":\"FileGameScene\",\"easyPoints\":1000.0,\"normalPoints\":500.0,\"hardPoints\":1000.0,\"isNormalModeCompleted\":true,\"isHardModeCompleted\":true},\"finalGame\":{\"gameName\":\"FinalGameScene\",\"easyPoints\":1000.0,\"normalPoints\":500.0,\"hardPoints\":1000.0,\"isNormalModeCompleted\":false,\"isHardModeCompleted\":true},\"totalPoints\":7000}'),(447,701,129,'{\"unlock\":5,\"stringGame\":{\"gameName\":\"StringGameScene\",\"easyPoints\":1050.0,\"normalPoints\":500.0,\"hardPoints\":1000.0,\"isNormalModeCompleted\":true,\"isHardModeCompleted\":true},\"arrayGame\":{\"gameName\":\"ArrayGameScene\",\"easyPoints\":1400.0,\"normalPoints\":500.0,\"hardPoints\":1000.0,\"isNormalModeCompleted\":true,\"isHardModeCompleted\":true},\"matrixGame\":{\"gameName\":\"MatrixGameScene\",\"easyPoints\":0.0,\"normalPoints\":500.0,\"hardPoints\":1100.0,\"isNormalModeCompleted\":true,\"isHardModeCompleted\":true},\"fileGame\":{\"gameName\":\"FileGameScene\",\"easyPoints\":1000.0,\"normalPoints\":500.0,\"hardPoints\":1000.0,\"isNormalModeCompleted\":true,\"isHardModeCompleted\":true},\"finalGame\":{\"gameName\":\"FinalGameScene\",\"easyPoints\":1000.0,\"normalPoints\":500.0,\"hardPoints\":1000.0,\"isNormalModeCompleted\":false,\"isHardModeCompleted\":true},\"totalPoints\":7000}'),(446,564,94,'{\"puntuacion\":[1000,1500,2500,3000]}'),(443,564,109,'{\"puntuacion\":[800,1200,1600,2000,2400]}'),(444,564,130,'{\"easyPoints\":1000,\"mediumPoints\":1500,\"hardPoints\":2500,\"challengePoints\":3000}'),(445,564,127,'{\"points\":[1,1000,1500,2500,3000],\"lastLevel\":4}'),(442,567,129,'{\"unlock\":5,\"stringGame\":{\"gameName\":\"StringGameScene\",\"easyPoints\":1050.0,\"normalPoints\":500.0,\"hardPoints\":1000.0,\"isNormalModeCompleted\":true,\"isHardModeCompleted\":true},\"arrayGame\":{\"gameName\":\"ArrayGameScene\",\"easyPoints\":1400.0,\"normalPoints\":500.0,\"hardPoints\":1000.0,\"isNormalModeCompleted\":true,\"isHardModeCompleted\":true},\"matrixGame\":{\"gameName\":\"MatrixGameScene\",\"easyPoints\":0.0,\"normalPoints\":500.0,\"hardPoints\":1100.0,\"isNormalModeCompleted\":true,\"isHardModeCompleted\":true},\"fileGame\":{\"gameName\":\"FileGameScene\",\"easyPoints\":1000.0,\"normalPoints\":500.0,\"hardPoints\":1000.0,\"isNormalModeCompleted\":true,\"isHardModeCompleted\":true},\"finalGame\":{\"gameName\":\"FinalGameScene\",\"easyPoints\":1000.0,\"normalPoints\":500.0,\"hardPoints\":1000.0,\"isNormalModeCompleted\":false,\"isHardModeCompleted\":true},\"totalPoints\":7000}'),(440,605,94,'{\"puntuacion\":[1000,1500,2500,3000]}'),(441,616,129,'{\"unlock\":5,\"stringGame\":{\"gameName\":\"StringGameScene\",\"easyPoints\":1050.0,\"normalPoints\":500.0,\"hardPoints\":1000.0,\"isNormalModeCompleted\":true,\"isHardModeCompleted\":true},\"arrayGame\":{\"gameName\":\"ArrayGameScene\",\"easyPoints\":1400.0,\"normalPoints\":500.0,\"hardPoints\":1000.0,\"isNormalModeCompleted\":true,\"isHardModeCompleted\":true},\"matrixGame\":{\"gameName\":\"MatrixGameScene\",\"easyPoints\":0.0,\"normalPoints\":500.0,\"hardPoints\":1100.0,\"isNormalModeCompleted\":true,\"isHardModeCompleted\":true},\"fileGame\":{\"gameName\":\"FileGameScene\",\"easyPoints\":1000.0,\"normalPoints\":500.0,\"hardPoints\":1000.0,\"isNormalModeCompleted\":true,\"isHardModeCompleted\":true},\"finalGame\":{\"gameName\":\"FinalGameScene\",\"easyPoints\":1000.0,\"normalPoints\":500.0,\"hardPoints\":1000.0,\"isNormalModeCompleted\":false,\"isHardModeCompleted\":true},\"totalPoints\":7000}'),(439,584,129,'{\"unlock\":5,\"stringGame\":{\"gameName\":\"StringGameScene\",\"easyPoints\":1050.0,\"normalPoints\":500.0,\"hardPoints\":1000.0,\"isNormalModeCompleted\":true,\"isHardModeCompleted\":true},\"arrayGame\":{\"gameName\":\"ArrayGameScene\",\"easyPoints\":1400.0,\"normalPoints\":500.0,\"hardPoints\":1000.0,\"isNormalModeCompleted\":true,\"isHardModeCompleted\":true},\"matrixGame\":{\"gameName\":\"MatrixGameScene\",\"easyPoints\":0.0,\"normalPoints\":500.0,\"hardPoints\":1100.0,\"isNormalModeCompleted\":true,\"isHardModeCompleted\":true},\"fileGame\":{\"gameName\":\"FileGameScene\",\"easyPoints\":1000.0,\"normalPoints\":500.0,\"hardPoints\":1000.0,\"isNormalModeCompleted\":true,\"isHardModeCompleted\":true},\"finalGame\":{\"gameName\":\"FinalGameScene\",\"easyPoints\":1000.0,\"normalPoints\":500.0,\"hardPoints\":1000.0,\"isNormalModeCompleted\":false,\"isHardModeCompleted\":true},\"totalPoints\":7000}'),(438,695,129,'{\"unlock\":5,\"stringGame\":{\"gameName\":\"StringGameScene\",\"easyPoints\":1050.0,\"normalPoints\":500.0,\"hardPoints\":1000.0,\"isNormalModeCompleted\":true,\"isHardModeCompleted\":true},\"arrayGame\":{\"gameName\":\"ArrayGameScene\",\"easyPoints\":1400.0,\"normalPoints\":500.0,\"hardPoints\":1000.0,\"isNormalModeCompleted\":true,\"isHardModeCompleted\":true},\"matrixGame\":{\"gameName\":\"MatrixGameScene\",\"easyPoints\":0.0,\"normalPoints\":500.0,\"hardPoints\":1100.0,\"isNormalModeCompleted\":true,\"isHardModeCompleted\":true},\"fileGame\":{\"gameName\":\"FileGameScene\",\"easyPoints\":1000.0,\"normalPoints\":500.0,\"hardPoints\":1000.0,\"isNormalModeCompleted\":true,\"isHardModeCompleted\":true},\"finalGame\":{\"gameName\":\"FinalGameScene\",\"easyPoints\":1000.0,\"normalPoints\":500.0,\"hardPoints\":1000.0,\"isNormalModeCompleted\":false,\"isHardModeCompleted\":true},\"totalPoints\":7000}'),(171,562,127,'{\"points\":[1,1000,1500,2500,3000],\"lastLevel\":4}'),(437,580,130,'{\"easyPoints\":1000,\"mediumPoints\":1500,\"hardPoints\":2500,\"challengePoints\":3000}'),(436,580,94,'{\"puntuacion\":[1000,1500,2500,3000]}'),(435,618,129,'{\"unlock\":5,\"stringGame\":{\"gameName\":\"StringGameScene\",\"easyPoints\":1050.0,\"normalPoints\":500.0,\"hardPoints\":1000.0,\"isNormalModeCompleted\":true,\"isHardModeCompleted\":true},\"arrayGame\":{\"gameName\":\"ArrayGameScene\",\"easyPoints\":1400.0,\"normalPoints\":500.0,\"hardPoints\":1000.0,\"isNormalModeCompleted\":true,\"isHardModeCompleted\":true},\"matrixGame\":{\"gameName\":\"MatrixGameScene\",\"easyPoints\":0.0,\"normalPoints\":500.0,\"hardPoints\":1100.0,\"isNormalModeCompleted\":true,\"isHardModeCompleted\":true},\"fileGame\":{\"gameName\":\"FileGameScene\",\"easyPoints\":1000.0,\"normalPoints\":500.0,\"hardPoints\":1000.0,\"isNormalModeCompleted\":true,\"isHardModeCompleted\":true},\"finalGame\":{\"gameName\":\"FinalGameScene\",\"easyPoints\":1000.0,\"normalPoints\":500.0,\"hardPoints\":1000.0,\"isNormalModeCompleted\":false,\"isHardModeCompleted\":true},\"totalPoints\":7000}'),(434,625,129,'{\"unlock\":5,\"stringGame\":{\"gameName\":\"StringGameScene\",\"easyPoints\":1050.0,\"normalPoints\":500.0,\"hardPoints\":1000.0,\"isNormalModeCompleted\":true,\"isHardModeCompleted\":true},\"arrayGame\":{\"gameName\":\"ArrayGameScene\",\"easyPoints\":1400.0,\"normalPoints\":500.0,\"hardPoints\":1000.0,\"isNormalModeCompleted\":true,\"isHardModeCompleted\":true},\"matrixGame\":{\"gameName\":\"MatrixGameScene\",\"easyPoints\":0.0,\"normalPoints\":500.0,\"hardPoints\":1100.0,\"isNormalModeCompleted\":true,\"isHardModeCompleted\":true},\"fileGame\":{\"gameName\":\"FileGameScene\",\"easyPoints\":1000.0,\"normalPoints\":500.0,\"hardPoints\":1000.0,\"isNormalModeCompleted\":true,\"isHardModeCompleted\":true},\"finalGame\":{\"gameName\":\"FinalGameScene\",\"easyPoints\":1000.0,\"normalPoints\":500.0,\"hardPoints\":1000.0,\"isNormalModeCompleted\":false,\"isHardModeCompleted\":true},\"totalPoints\":7000}'),(428,611,127,'{\"points\":[1,1000,1500,2500,3000],\"lastLevel\":4}'),(429,572,94,'{\"puntuacion\":[1000,1500,2500,3000]}'),(430,572,130,'{\"easyPoints\":1000,\"mediumPoints\":1500,\"hardPoints\":2500,\"challengePoints\":3000}'),(431,602,94,'{\"puntuacion\":[1000,1500,2500,3000]}'),(432,596,94,'{\"puntuacion\":[1000,1500,2500,3000]}'),(433,572,129,'{\"unlock\":5,\"stringGame\":{\"gameName\":\"StringGameScene\",\"easyPoints\":1050.0,\"normalPoints\":500.0,\"hardPoints\":1000.0,\"isNormalModeCompleted\":true,\"isHardModeCompleted\":true},\"arrayGame\":{\"gameName\":\"ArrayGameScene\",\"easyPoints\":1400.0,\"normalPoints\":500.0,\"hardPoints\":1000.0,\"isNormalModeCompleted\":true,\"isHardModeCompleted\":true},\"matrixGame\":{\"gameName\":\"MatrixGameScene\",\"easyPoints\":0.0,\"normalPoints\":500.0,\"hardPoints\":1100.0,\"isNormalModeCompleted\":true,\"isHardModeCompleted\":true},\"fileGame\":{\"gameName\":\"FileGameScene\",\"easyPoints\":1000.0,\"normalPoints\":500.0,\"hardPoints\":1000.0,\"isNormalModeCompleted\":true,\"isHardModeCompleted\":true},\"finalGame\":{\"gameName\":\"FinalGameScene\",\"easyPoints\":1000.0,\"normalPoints\":500.0,\"hardPoints\":1000.0,\"isNormalModeCompleted\":false,\"isHardModeCompleted\":true},\"totalPoints\":7000}'),(427,611,130,'{\"easyPoints\":1000,\"mediumPoints\":1500,\"hardPoints\":2500,\"challengePoints\":3000}'),(420,708,127,'{\"points\":[1,1000,1500,2500,3000],\"lastLevel\":4}'),(421,708,109,'{\"puntuacion\":[800,1200,1600,2000,2400]}'),(422,567,94,'{\"puntuacion\":[1000,1500,2500,3000]}'),(423,567,109,'{\"puntuacion\":[800,1200,1600,2000,2400]}'),(424,567,127,'{\"points\":[1,1000,1500,2500,3000],\"lastLevel\":4}'),(425,567,130,'{\"easyPoints\":1000,\"mediumPoints\":1500,\"hardPoints\":2500,\"challengePoints\":3000}'),(426,608,129,'{\"unlock\":5,\"stringGame\":{\"gameName\":\"StringGameScene\",\"easyPoints\":1050.0,\"normalPoints\":500.0,\"hardPoints\":1000.0,\"isNormalModeCompleted\":true,\"isHardModeCompleted\":true},\"arrayGame\":{\"gameName\":\"ArrayGameScene\",\"easyPoints\":1400.0,\"normalPoints\":500.0,\"hardPoints\":1000.0,\"isNormalModeCompleted\":true,\"isHardModeCompleted\":true},\"matrixGame\":{\"gameName\":\"MatrixGameScene\",\"easyPoints\":0.0,\"normalPoints\":500.0,\"hardPoints\":1100.0,\"isNormalModeCompleted\":true,\"isHardModeCompleted\":true},\"fileGame\":{\"gameName\":\"FileGameScene\",\"easyPoints\":1000.0,\"normalPoints\":500.0,\"hardPoints\":1000.0,\"isNormalModeCompleted\":true,\"isHardModeCompleted\":true},\"finalGame\":{\"gameName\":\"FinalGameScene\",\"easyPoints\":1000.0,\"normalPoints\":500.0,\"hardPoints\":1000.0,\"isNormalModeCompleted\":false,\"isHardModeCompleted\":true},\"totalPoints\":7000}'),(419,581,127,'{\"points\":[1,1000,1500,2500,3000],\"lastLevel\":4}'),(406,584,94,'{\"puntuacion\":[1000,1500,2500,3000]}'),(404,655,94,'{\"puntuacion\":[1000,1500,2500,3000]}'),(405,598,94,'{\"puntuacion\":[1000,1500,2500,3000]}'),(215,562,102,'{\"puntuacion\":[1000,1500,2500,3000]}'),(403,573,130,'{\"easyPoints\":1000,\"mediumPoints\":1500,\"hardPoints\":2500,\"challengePoints\":3000}'),(402,573,127,'{\"points\":[1,1000,1500,2500,3000],\"lastLevel\":4}'),(401,573,94,'{\"puntuacion\":[1000,1500,2500,3000]}'),(400,660,94,'{\"puntuacion\":[1000,1500,2500,3000]}'),(399,653,130,'{\"easyPoints\":1000,\"mediumPoints\":1500,\"hardPoints\":2500,\"challengePoints\":3000}'),(398,653,94,'{\"puntuacion\":[1000,1500,2500,3000]}'),(386,594,127,'{\"points\":[1,1000,1500,2500,3000],\"lastLevel\":4}'),(387,700,127,'{\"points\":[1,1000,1500,2500,3000],\"lastLevel\":4}'),(388,701,94,'{\"puntuacion\":[1000,1500,2500,3000]}'),(389,590,130,'{\"easyPoints\":1000,\"mediumPoints\":1500,\"hardPoints\":2500,\"challengePoints\":3000}'),(390,700,94,'{\"puntuacion\":[1000,1500,2500,3000]}'),(391,590,127,'{\"points\":[1,1000,1500,2500,3000],\"lastLevel\":4}'),(392,590,94,'{\"puntuacion\":[1000,1500,2500,3000]}'),(393,691,94,'{\"puntuacion\":[1000,1500,2500,3000]}'),(394,695,94,'{\"puntuacion\":[1000,1500,2500,3000]}'),(395,698,127,'{\"points\":[1,1000,1500,2500,3000],\"lastLevel\":4}'),(396,698,94,'{\"puntuacion\":[1000,1500,2500,3000]}'),(397,605,130,'{\"easyPoints\":1000,\"mediumPoints\":1500,\"hardPoints\":2500,\"challengePoints\":3000}'),(384,618,109,'{\"puntuacion\":[800,1200,1600,2000,2400]}'),(383,618,94,'{\"puntuacion\":[1000,1500,2500,3000]}'),(382,598,130,'{\"easyPoints\":1000,\"mediumPoints\":1500,\"hardPoints\":2500,\"challengePoints\":3000}'),(381,618,127,'{\"points\":[1,1000,1500,2500,3000],\"lastLevel\":4}'),(380,608,94,'{\"puntuacion\":[1000,1500,2500,3000]}'),(379,598,127,'{\"points\":[1,1000,1500,2500,3000],\"lastLevel\":4}'),(378,616,127,'{\"points\":[1,1000,1500,2500,3000],\"lastLevel\":4}'),(377,596,127,'{\"points\":[1,1000,1500,2500,3000],\"lastLevel\":4}'),(376,602,127,'{\"points\":[1,1000,1500,2500,3000],\"lastLevel\":4}'),(375,650,130,'{\"easyPoints\":1000,\"mediumPoints\":1500,\"hardPoints\":2500,\"challengePoints\":3000}'),(374,650,127,'{\"points\":[1,1000,1500,2500,3000],\"lastLevel\":4}'),(373,664,127,'{\"points\":[1,1000,1500,2500,3000],\"lastLevel\":4}'),(372,655,127,'{\"points\":[1,1000,1500,2500,3000],\"lastLevel\":4}'),(371,691,127,'{\"points\":[1,1000,1500,2500,3000],\"lastLevel\":4}'),(370,655,130,'{\"easyPoints\":1000,\"mediumPoints\":1500,\"hardPoints\":2500,\"challengePoints\":3000}'),(369,584,127,'{\"points\":[1,1000,1500,2500,3000],\"lastLevel\":4}'),(360,657,130,'{\"easyPoints\":1000,\"mediumPoints\":1500,\"hardPoints\":2500,\"challengePoints\":3000}'),(361,612,130,'{\"easyPoints\":1000,\"mediumPoints\":1500,\"hardPoints\":2500,\"challengePoints\":3000}'),(362,581,130,'{\"easyPoints\":1000,\"mediumPoints\":1500,\"hardPoints\":2500,\"challengePoints\":3000}'),(363,656,130,'{\"easyPoints\":1000,\"mediumPoints\":1500,\"hardPoints\":2500,\"challengePoints\":3000}'),(364,584,130,'{\"easyPoints\":1000,\"mediumPoints\":1500,\"hardPoints\":2500,\"challengePoints\":3000}'),(365,608,127,'{\"points\":[1,1000,1500,2500,3000],\"lastLevel\":4}'),(366,701,127,'{\"points\":[1,1000,1500,2500,3000],\"lastLevel\":4}'),(367,695,127,'{\"points\":[1,1000,1500,2500,3000],\"lastLevel\":4}'),(368,652,127,'{\"points\":[1,1000,1500,2500,3000],\"lastLevel\":4}'),(359,588,130,'{\"easyPoints\":1000,\"mediumPoints\":1500,\"hardPoints\":2500,\"challengePoints\":3000}'),(358,700,109,'{\"puntuacion\":[800,1200,1600,2000,2400]}'),(350,691,130,'{\"easyPoints\":1000,\"mediumPoints\":1500,\"hardPoints\":2500,\"challengePoints\":3000}'),(351,701,130,'{\"easyPoints\":1000,\"mediumPoints\":1500,\"hardPoints\":2500,\"challengePoints\":3000}'),(352,695,130,'{\"easyPoints\":1000,\"mediumPoints\":1500,\"hardPoints\":2500,\"challengePoints\":3000}'),(353,701,109,'{\"puntuacion\":[800,1200,1600,2000,2400]}'),(354,591,130,'{\"easyPoints\":1000,\"mediumPoints\":1500,\"hardPoints\":2500,\"challengePoints\":3000}'),(355,636,109,'{\"puntuacion\":[800,1200,1600,2000,2400]}'),(356,636,130,'{\"easyPoints\":1000,\"mediumPoints\":1500,\"hardPoints\":2500,\"challengePoints\":3000}'),(357,700,130,'{\"easyPoints\":1000,\"mediumPoints\":1500,\"hardPoints\":2500,\"challengePoints\":3000}'),(349,608,109,'{\"puntuacion\":[800,1200,1600,2000,2400]}'),(338,710,109,'{\"puntuacion\":[800,1200,1600,2000,2400]}'),(339,619,109,'{\"puntuacion\":[800,1200,1600,2000,2400]}'),(340,705,109,'{\"puntuacion\":[800,1200,1600,2000,2400]}'),(341,698,109,'{\"puntuacion\":[800,1200,1600,2000,2400]}'),(342,690,109,'{\"puntuacion\":[800,1200,1600,2000,2400]}'),(343,694,109,'{\"puntuacion\":[800,1200,1600,2000,2400]}'),(344,707,109,'{\"puntuacion\":[800,1200,1600,2000,2400]}'),(345,698,130,'{\"easyPoints\":1000,\"mediumPoints\":1500,\"hardPoints\":2500,\"challengePoints\":3000}'),(346,699,130,'{\"easyPoints\":1000,\"mediumPoints\":1500,\"hardPoints\":2500,\"challengePoints\":3000}'),(347,702,130,'{\"easyPoints\":1000,\"mediumPoints\":1500,\"hardPoints\":2500,\"challengePoints\":3000}'),(348,695,109,'{\"puntuacion\":[800,1200,1600,2000,2400]}'),(337,694,130,'{\"easyPoints\":1000,\"mediumPoints\":1500,\"hardPoints\":2500,\"challengePoints\":3000}'),(336,709,130,'{\"easyPoints\":1000,\"mediumPoints\":1500,\"hardPoints\":2500,\"challengePoints\":3000}'),(327,602,130,'{\"easyPoints\":1000,\"mediumPoints\":1500,\"hardPoints\":2500,\"challengePoints\":3000}'),(328,709,109,'{\"puntuacion\":[800,1200,1600,2000,2400]}'),(329,691,109,'{\"puntuacion\":[800,1200,1600,2000,2400]}'),(330,706,109,'{\"puntuacion\":[800,1200,1600,2000,2400]}'),(331,707,130,'{\"easyPoints\":1000,\"mediumPoints\":1500,\"hardPoints\":2500,\"challengePoints\":3000}'),(332,619,130,'{\"easyPoints\":1000,\"mediumPoints\":1500,\"hardPoints\":2500,\"challengePoints\":3000}'),(333,710,130,'{\"easyPoints\":1000,\"mediumPoints\":1500,\"hardPoints\":2500,\"challengePoints\":3000}'),(334,706,130,'{\"easyPoints\":1000,\"mediumPoints\":1500,\"hardPoints\":2500,\"challengePoints\":3000}'),(335,690,130,'{\"easyPoints\":1000,\"mediumPoints\":1500,\"hardPoints\":2500,\"challengePoints\":3000}'),(326,596,130,'{\"easyPoints\":1000,\"mediumPoints\":1500,\"hardPoints\":2500,\"challengePoints\":3000}'),(385,616,94,'{\"puntuacion\":[1000,1500,2500,3000]}'),(325,652,130,'{\"easyPoints\":1000,\"mediumPoints\":1500,\"hardPoints\":2500,\"challengePoints\":3000}'),(324,664,130,'{\"easyPoints\":1000,\"mediumPoints\":1500,\"hardPoints\":2500,\"challengePoints\":3000}'),(323,664,109,'{\"puntuacion\":[800,1200,1600,2000,2400]}'),(407,652,94,'{\"puntuacion\":[1000,1500,2500,3000]}'),(408,664,94,'{\"puntuacion\":[1000,1500,2500,3000]}'),(409,569,127,'{\"points\":[1,1000,1500,2500,3000],\"lastLevel\":4}'),(410,569,130,'{\"easyPoints\":1000,\"mediumPoints\":1500,\"hardPoints\":2500,\"challengePoints\":3000}'),(411,569,94,'{\"puntuacion\":[1000,1500,2500,3000]}'),(412,649,109,'{\"puntuacion\":[800,1200,1600,2000,2400]}'),(413,653,127,'{\"points\":[1,1000,1500,2500,3000],\"lastLevel\":4}'),(414,572,127,'{\"points\":[1,1000,1500,2500,3000],\"lastLevel\":4}'),(415,703,109,'{\"puntuacion\":[800,1200,1600,2000,2400]}'),(416,594,94,'{\"puntuacion\":[1000,1500,2500,3000]}'),(417,573,109,'{\"puntuacion\":[800,1200,1600,2000,2400]}'),(418,581,94,'{\"puntuacion\":[1000,1500,2500,3000]}'),(322,608,130,'{\"easyPoints\":1000,\"mediumPoints\":1500,\"hardPoints\":2500,\"challengePoints\":3000}'),(312,609,130,'{\"easyPoints\":1000,\"mediumPoints\":1500,\"hardPoints\":2500,\"challengePoints\":3000}'),(313,606,109,'{\"puntuacion\":[800,1200,1600,2000,2400]}'),(314,617,109,'{\"puntuacion\":[800,1200,1600,2000,2400]}'),(315,625,130,'{\"easyPoints\":1000,\"mediumPoints\":1500,\"hardPoints\":2500,\"challengePoints\":3000}'),(316,613,109,'{\"puntuacion\":[800,1200,1600,2000,2400]}'),(317,616,130,'{\"easyPoints\":1000,\"mediumPoints\":1500,\"hardPoints\":2500,\"challengePoints\":3000}'),(318,614,109,'{\"puntuacion\":[800,1200,1600,2000,2400]}'),(319,626,130,'{\"easyPoints\":1000,\"mediumPoints\":1500,\"hardPoints\":2500,\"challengePoints\":3000}'),(320,621,109,'{\"puntuacion\":[800,1200,1600,2000,2400]}'),(321,616,109,'{\"puntuacion\":[800,1200,1600,2000,2400]}'),(311,621,130,'{\"easyPoints\":1000,\"mediumPoints\":1500,\"hardPoints\":2500,\"challengePoints\":3000}'),(310,610,130,'{\"easyPoints\":1000,\"mediumPoints\":1500,\"hardPoints\":2500,\"challengePoints\":3000}'),(309,614,130,'{\"easyPoints\":1000,\"mediumPoints\":1500,\"hardPoints\":2500,\"challengePoints\":3000}'),(308,656,109,'{\"puntuacion\":[800,1200,1600,2000,2400]}'),(307,652,109,'{\"puntuacion\":[800,1200,1600,2000,2400]}'),(306,630,109,'{\"puntuacion\":[800,1200,1600,2000,2400]}'),(305,633,109,'{\"puntuacion\":[800,1200,1600,2000,2400]}'),(304,590,109,'{\"puntuacion\":[800,1200,1600,2000,2400]}'),(303,594,109,'{\"puntuacion\":[800,1200,1600,2000,2400]}'),(290,655,109,'{\"puntuacion\":[800,1200,1600,2000,2400]}'),(291,648,109,'{\"puntuacion\":[800,1200,1600,2000,2400]}'),(292,667,109,'{\"puntuacion\":[800,1200,1600,2000,2400]}'),(293,596,109,'{\"puntuacion\":[800,1200,1600,2000,2400]}'),(294,657,109,'{\"puntuacion\":[800,1200,1600,2000,2400]}'),(295,605,109,'{\"puntuacion\":[800,1200,1600,2000,2400]}'),(296,663,109,'{\"puntuacion\":[800,1200,1600,2000,2400]}'),(297,588,109,'{\"puntuacion\":[800,1200,1600,2000,2400]}'),(298,658,109,'{\"puntuacion\":[800,1200,1600,2000,2400]}'),(299,591,109,'{\"puntuacion\":[800,1200,1600,2000,2400]}'),(300,581,109,'{\"puntuacion\":[800,1200,1600,2000,2400]}'),(301,666,109,'{\"puntuacion\":[800,1200,1600,2000,2400]}'),(302,598,109,'{\"puntuacion\":[800,1200,1600,2000,2400]}'),(289,650,109,'{\"puntuacion\":[800,1200,1600,2000,2400]}'),(288,1,130,'{\"easyPoints\":1000,\"mediumPoints\":1500,\"hardPoints\":2500,\"challengePoints\":3000}'),(274,602,109,'{\"puntuacion\":[800,1200,1600,2000,2400]}'),(275,597,109,'{\"puntuacion\":[800,1200,1600,2000,2400]}'),(276,582,109,'{\"puntuacion\":[800,1200,1600,2000,2400]}'),(277,574,109,'{\"puntuacion\":[800,1200,1600,2000,2400]}'),(278,568,109,'{\"puntuacion\":[800,1200,1600,2000,2400]}'),(279,584,109,'{\"puntuacion\":[800,1200,1600,2000,2400]}'),(280,569,109,'{\"puntuacion\":[800,1200,1600,2000,2400]}'),(281,565,109,'{\"puntuacion\":[800,1200,1600,2000,2400]}'),(282,572,109,'{\"puntuacion\":[800,1200,1600,2000,2400]}'),(283,577,109,'{\"puntuacion\":[800,1200,1600,2000,2400]}'),(284,579,109,'{\"puntuacion\":[800,1200,1600,2000,2400]}'),(285,580,109,'{\"puntuacion\":[800,1200,1600,2000,2400]}'),(286,586,109,'{\"puntuacion\":[800,1200,1600,2000,2400]}'),(287,595,109,'{\"puntuacion\":[800,1200,1600,2000,2400]}'),(273,563,130,'{\"easyPoints\":1000,\"mediumPoints\":1500,\"hardPoints\":2500,\"challengePoints\":3000}'),(520,611,102,'{\"puntuacion\":[1000,1500,2500,3000]}'),(521,664,129,'{\"unlock\":5,\"stringGame\":{\"gameName\":\"StringGameScene\",\"easyPoints\":1050.0,\"normalPoints\":500.0,\"hardPoints\":1000.0,\"isNormalModeCompleted\":true,\"isHardModeCompleted\":true},\"arrayGame\":{\"gameName\":\"ArrayGameScene\",\"easyPoints\":1400.0,\"normalPoints\":500.0,\"hardPoints\":1000.0,\"isNormalModeCompleted\":true,\"isHardModeCompleted\":true},\"matrixGame\":{\"gameName\":\"MatrixGameScene\",\"easyPoints\":0.0,\"normalPoints\":500.0,\"hardPoints\":1100.0,\"isNormalModeCompleted\":true,\"isHardModeCompleted\":true},\"fileGame\":{\"gameName\":\"FileGameScene\",\"easyPoints\":1000.0,\"normalPoints\":500.0,\"hardPoints\":1000.0,\"isNormalModeCompleted\":true,\"isHardModeCompleted\":true},\"finalGame\":{\"gameName\":\"FinalGameScene\",\"easyPoints\":1000.0,\"normalPoints\":500.0,\"hardPoints\":1000.0,\"isNormalModeCompleted\":false,\"isHardModeCompleted\":true},\"totalPoints\":7000}'),(522,663,102,'{\"puntuacion\":[1000,1500,2500,3000]}'),(523,663,127,'{\"points\":[1,1000,1500,2500,3000],\"lastLevel\":4}'),(524,616,102,'{\"puntuacion\":[1000,1500,2500,3000]}'),(525,657,94,'{\"puntuacion\":[1000,1500,2500,3000]}'),(526,657,102,'{\"puntuacion\":[1000,1500,2500,3000]}'),(527,657,129,'{\"unlock\":5,\"stringGame\":{\"gameName\":\"StringGameScene\",\"easyPoints\":1050.0,\"normalPoints\":500.0,\"hardPoints\":1000.0,\"isNormalModeCompleted\":true,\"isHardModeCompleted\":true},\"arrayGame\":{\"gameName\":\"ArrayGameScene\",\"easyPoints\":1400.0,\"normalPoints\":500.0,\"hardPoints\":1000.0,\"isNormalModeCompleted\":true,\"isHardModeCompleted\":true},\"matrixGame\":{\"gameName\":\"MatrixGameScene\",\"easyPoints\":0.0,\"normalPoints\":500.0,\"hardPoints\":1100.0,\"isNormalModeCompleted\":true,\"isHardModeCompleted\":true},\"fileGame\":{\"gameName\":\"FileGameScene\",\"easyPoints\":1000.0,\"normalPoints\":500.0,\"hardPoints\":1000.0,\"isNormalModeCompleted\":true,\"isHardModeCompleted\":true},\"finalGame\":{\"gameName\":\"FinalGameScene\",\"easyPoints\":1000.0,\"normalPoints\":500.0,\"hardPoints\":1000.0,\"isNormalModeCompleted\":false,\"isHardModeCompleted\":true},\"totalPoints\":7000}'),(528,657,127,'{\"points\":[1,1000,1500,2500,3000],\"lastLevel\":4}'),(529,625,127,'{\"points\":[1,1000,1500,2500,3000],\"lastLevel\":4}'),(530,660,102,'{\"puntuacion\":[1000,1500,2500,3000]}'),(531,660,109,'{\"puntuacion\":[800,1200,1600,2000,2400]}'),(532,625,102,'{\"puntuacion\":[1000,1500,2500,3000]}'),(533,625,94,'{\"puntuacion\":[1000,1500,2500,3000]}'),(534,625,109,'{\"puntuacion\":[800,1200,1600,2000,2400]}'),(535,588,102,'{\"puntuacion\":[1000,1500,2500,3000]}'),(536,588,129,'{\"unlock\":5,\"stringGame\":{\"gameName\":\"StringGameScene\",\"easyPoints\":1050.0,\"normalPoints\":500.0,\"hardPoints\":1000.0,\"isNormalModeCompleted\":true,\"isHardModeCompleted\":true},\"arrayGame\":{\"gameName\":\"ArrayGameScene\",\"easyPoints\":1400.0,\"normalPoints\":500.0,\"hardPoints\":1000.0,\"isNormalModeCompleted\":true,\"isHardModeCompleted\":true},\"matrixGame\":{\"gameName\":\"MatrixGameScene\",\"easyPoints\":0.0,\"normalPoints\":500.0,\"hardPoints\":1100.0,\"isNormalModeCompleted\":true,\"isHardModeCompleted\":true},\"fileGame\":{\"gameName\":\"FileGameScene\",\"easyPoints\":1000.0,\"normalPoints\":500.0,\"hardPoints\":1000.0,\"isNormalModeCompleted\":true,\"isHardModeCompleted\":true},\"finalGame\":{\"gameName\":\"FinalGameScene\",\"easyPoints\":1000.0,\"normalPoints\":500.0,\"hardPoints\":1000.0,\"isNormalModeCompleted\":false,\"isHardModeCompleted\":true},\"totalPoints\":7000}'),(537,659,102,'{\"puntuacion\":[1000,1500,2500,3000]}'),(538,659,94,'{\"puntuacion\":[1000,1500,2500,3000]}'),(539,659,109,'{\"puntuacion\":[800,1200,1600,2000,2400]}'),(540,659,130,'{\"easyPoints\":1000,\"mediumPoints\":1500,\"hardPoints\":2500,\"challengePoints\":3000}'),(541,659,129,'{\"unlock\":5,\"stringGame\":{\"gameName\":\"StringGameScene\",\"easyPoints\":1050.0,\"normalPoints\":500.0,\"hardPoints\":1000.0,\"isNormalModeCompleted\":true,\"isHardModeCompleted\":true},\"arrayGame\":{\"gameName\":\"ArrayGameScene\",\"easyPoints\":1400.0,\"normalPoints\":500.0,\"hardPoints\":1000.0,\"isNormalModeCompleted\":true,\"isHardModeCompleted\":true},\"matrixGame\":{\"gameName\":\"MatrixGameScene\",\"easyPoints\":0.0,\"normalPoints\":500.0,\"hardPoints\":1100.0,\"isNormalModeCompleted\":true,\"isHardModeCompleted\":true},\"fileGame\":{\"gameName\":\"FileGameScene\",\"easyPoints\":1000.0,\"normalPoints\":500.0,\"hardPoints\":1000.0,\"isNormalModeCompleted\":true,\"isHardModeCompleted\":true},\"finalGame\":{\"gameName\":\"FinalGameScene\",\"easyPoints\":1000.0,\"normalPoints\":500.0,\"hardPoints\":1000.0,\"isNormalModeCompleted\":false,\"isHardModeCompleted\":true},\"totalPoints\":7000}'),(542,659,127,'{\"points\":[1,1000,1500,2500,3000],\"lastLevel\":4}'),(543,597,127,'{\"points\":[1,1000,1500,2500,3000],\"lastLevel\":4}'),(544,597,94,'{\"puntuacion\":[1000,1500,2500,3000]}'),(545,597,130,'{\"easyPoints\":1000,\"mediumPoints\":1500,\"hardPoints\":2500,\"challengePoints\":3000}'),(546,615,94,'{\"puntuacion\":[1000,1500,2500,3000]}'),(547,605,127,'{\"points\":[1,1000,1500,2500,3000],\"lastLevel\":4}'),(548,563,127,'{\"points\":[1,1000,1500,2500,3000],\"lastLevel\":4}'),(549,563,110,'3000'),(550,563,102,'{\"puntuacion\":[1000,1500,2500,3000]}'),(551,563,129,'{\"unlock\":5,\"stringGame\":{\"gameName\":\"StringGameScene\",\"easyPoints\":1050.0,\"normalPoints\":500.0,\"hardPoints\":1000.0,\"isNormalModeCompleted\":true,\"isHardModeCompleted\":true},\"arrayGame\":{\"gameName\":\"ArrayGameScene\",\"easyPoints\":1400.0,\"normalPoints\":500.0,\"hardPoints\":1000.0,\"isNormalModeCompleted\":true,\"isHardModeCompleted\":true},\"matrixGame\":{\"gameName\":\"MatrixGameScene\",\"easyPoints\":0.0,\"normalPoints\":500.0,\"hardPoints\":1100.0,\"isNormalModeCompleted\":true,\"isHardModeCompleted\":true},\"fileGame\":{\"gameName\":\"FileGameScene\",\"easyPoints\":1000.0,\"normalPoints\":500.0,\"hardPoints\":1000.0,\"isNormalModeCompleted\":true,\"isHardModeCompleted\":true},\"finalGame\":{\"gameName\":\"FinalGameScene\",\"easyPoints\":1000.0,\"normalPoints\":500.0,\"hardPoints\":1000.0,\"isNormalModeCompleted\":false,\"isHardModeCompleted\":true},\"totalPoints\":7000}'),(552,1,127,'{\"points\":[1,1000,1500,2500,3000],\"lastLevel\":4}');
/*!40000 ALTER TABLE `usuariominijuegoguardado` ENABLE KEYS */;
UNLOCK TABLES;

--
-- Table structure for table `usuarios`
--

DROP TABLE IF EXISTS `usuarios`;
/*!40101 SET @saved_cs_client     = @@character_set_client */;
/*!50503 SET character_set_client = utf8mb4 */;
CREATE TABLE `usuarios` (
  `IDUsuario` int NOT NULL AUTO_INCREMENT,
  `Grupo` varchar(100) CHARACTER SET utf8mb4 COLLATE utf8mb4_unicode_520_ci NOT NULL,
  `TipoUsuario` enum('A','D','U') CHARACTER SET utf8mb4 COLLATE utf8mb4_unicode_520_ci NOT NULL,
  `Nombre` varchar(50) CHARACTER SET utf8mb4 COLLATE utf8mb4_unicode_520_ci NOT NULL,
  `Contrasena` varchar(30) CHARACTER SET utf8mb4 COLLATE utf8mb4_unicode_520_ci NOT NULL,
  PRIMARY KEY (`IDUsuario`)
) ENGINE=MyISAM AUTO_INCREMENT=721 DEFAULT CHARSET=utf8mb4 COLLATE=utf8mb4_unicode_520_ci;
/*!40101 SET character_set_client = @saved_cs_client */;

--
-- Dumping data for table `usuarios`
--

LOCK TABLES `usuarios` WRITE;
/*!40000 ALTER TABLE `usuarios` DISABLE KEYS */;
INSERT INTO `usuarios` VALUES (1,'A','A','admin','1_2_3_4'),(562,'P','U','Demo1','Demo1'),(563,'P','U','Demo2','Demo2'),(652,'X7','U','User89','User89'),(653,'X7','U','User90','User90'),(654,'X7','U','User91','User91'),(655,'X7','U','User92','User92'),(656,'X7','U','User93','User93'),(657,'X7','U','User94','User94'),(658,'X7','U','User95','User95'),(659,'X7','U','User96','User96'),(660,'X7','U','User97','User97'),(661,'X7','U','User98','User98'),(662,'X7','U','User99','User99'),(663,'X7','U','User100','User100'),(664,'X7','U','User101','User101'),(665,'X7','U','User102','User102'),(666,'X7','U','User103','User103'),(667,'X7','U','User104','User104'),(668,'X7','U','User105','User105'),(564,'X1','U','User1','User1'),(565,'X1','U','User2','User2'),(566,'X1','U','User3','User3'),(567,'X1','U','User4','User4'),(568,'X1','U','User5','User5'),(569,'X1','U','User6','User6'),(570,'X1','U','User7','User7'),(571,'X1','U','User8','User8'),(572,'X1','U','Demo3','Demo3'),(573,'X1','U','User10','User10'),(574,'X1','U','User11','User11'),(575,'X1','U','User12','User12'),(576,'X1','U','User13','User13'),(577,'X1','U','User14','User14'),(578,'X1','U','User15','User15'),(579,'X1','U','Demo4','Demo4'),(580,'X1','U','Demo5','Demo5'),(581,'X1','U','User18','User18'),(582,'X1','U','User19','User19'),(583,'X1','U','User20','User20'),(584,'X1','U','Demo6','Demo6'),(585,'X2','U','User22','User22'),(586,'X2','U','User23','User23'),(587,'X2','U','User24','User24'),(588,'X2','U','Demo7','Demo7'),(589,'X2','U','User26','User26'),(590,'X2','U','Demo8','Demo8'),(591,'X2','U','User28','User28'),(592,'X2','U','User29','User29'),(593,'X2','U','User30','User30'),(594,'X2','U','User31','User31'),(690,'X3','U','User127','User127'),(691,'X3','U','User128','User128'),(692,'X3','U','User129','User129'),(693,'X3','U','User130','User130'),(694,'X3','U','User131','User131'),(695,'X3','U','User132','User132'),(696,'X3','U','User133','User133'),(697,'X3','U','User134','User134'),(698,'X3','U','User135','User135'),(699,'X3','U','User136','User136'),(700,'X3','U','User137','User137'),(701,'X3','U','User138','User138'),(702,'X3','U','User139','User139'),(703,'X3','U','User140','User140'),(704,'X3','U','User141','User141'),(705,'X3','U','User142','User142'),(706,'X3','U','User143','User143'),(707,'X3','U','User144','User144'),(708,'X3','U','User145','User145'),(709,'X3','U','User146','User146'),(710,'X3','U','User147','User147'),(629,'X5','U','User66','User66'),(630,'X5','U','User67','User67'),(631,'X5','U','User68','User68'),(632,'X5','U','User69','User69'),(633,'X5','U','User70','User70'),(634,'X5','U','User71','User71'),(635,'X5','U','User72','User72'),(636,'X5','U','User73','User73'),(637,'X5','U','User74','User74'),(638,'X5','U','User75','User75'),(639,'X5','U','User76','User76'),(640,'X5','U','User77','User77'),(641,'X5','U','User78','User78'),(642,'X5','U','User79','User79'),(643,'X5','U','User80','User80'),(644,'X5','U','User81','User81'),(645,'X5','U','User82','User82'),(646,'X5','U','User83','User83'),(647,'X5','U','User84','User84'),(648,'X7','U','User85','User85'),(649,'X7','U','User86','User86'),(650,'X7','U','User87','User87'),(651,'X7','U','User88','User88'),(595,'X2','U','User32','User32'),(596,'X2','U','User33','User33'),(597,'X2','U','User34','User34'),(598,'X2','U','Demo9','Demo9'),(599,'X2','U','User36','User36'),(600,'X2','U','User37','User37'),(601,'X2','U','User38','User38'),(602,'X2','U','Demo10','Demo10'),(603,'X2','U','User40','User40'),(604,'X2','U','User41','User41'),(605,'X2','U','User42','User42'),(606,'X4','U','User43','User43'),(607,'X4','U','User44','User44'),(608,'X4','U','User45','User45'),(609,'X4','U','User46','User46'),(610,'X4','U','User47','User47'),(611,'X4','U','User48','User48'),(612,'X4','U','User49','User49'),(613,'X4','U','User50','User50'),(614,'X4','U','User51','User51'),(615,'X4','U','User52','User52'),(616,'X4','U','User53','User53'),(617,'X4','U','User54','User54'),(618,'X4','U','User55','User55'),(619,'X4','U','User56','User56'),(620,'X4','U','User57','User57'),(621,'X4','U','User58','User58'),(622,'X4','U','User59','User59'),(623,'X4','U','User60','User60'),(624,'X4','U','User61','User61'),(625,'X4','U','User62','User62'),(626,'X4','U','User63','User63'),(627,'X5','U','User64','User64'),(628,'X5','U','User65','User65'),(718,'X7','U','Fran','buenas'),(719,'X7','U','Fran','Fran'),(720,'X20','D','dev','dev');
/*!40000 ALTER TABLE `usuarios` ENABLE KEYS */;
UNLOCK TABLES;
/*!40103 SET TIME_ZONE=@OLD_TIME_ZONE */;

/*!40101 SET SQL_MODE=@OLD_SQL_MODE */;
/*!40014 SET FOREIGN_KEY_CHECKS=@OLD_FOREIGN_KEY_CHECKS */;
/*!40014 SET UNIQUE_CHECKS=@OLD_UNIQUE_CHECKS */;
/*!40101 SET CHARACTER_SET_CLIENT=@OLD_CHARACTER_SET_CLIENT */;
/*!40101 SET CHARACTER_SET_RESULTS=@OLD_CHARACTER_SET_RESULTS */;
/*!40101 SET COLLATION_CONNECTION=@OLD_COLLATION_CONNECTION */;
/*!40111 SET SQL_NOTES=@OLD_SQL_NOTES */;

-- Dump completed on 2025-06-15 12:33:00
